Species,code,a,b,MeanSize,shape,AspectRatio,FoodTroph,FoodSeTroph,Planctivorous,FoodItems,Mobility,Schooling,From_spp,Reff2,Original_Order,Zooplancton,Phytoplancton,Large_Decapods,Mid-sized_decapods,Large_Echinoderms,Fishes_and_cephalopods,Small_zoobenthos,Shelled_Zoobenthos,Soft_Sessile_Zoobenthos,Anthozoans,Sponges,Calcifying_Rhodophytes,Soft_Rhodophytes,Phaeophytes,Chlorophytes,Detritus,Reff3,Reff4,Reff5,Is_elasmo,Bottom_Attachment,Rythm,Family,FL,SL,HL,BD,BW,Size,maxSize,Guess
Trachinotus goodei,tra_goo,"0,017385","2,95","13,5","0,53","2,39","4,3","0,4",0,2,vmob,medg,,,204,0,0,0,0,0,1,0,1,0,0,0,0,0,0,0,0,"Randall, J. E. (1967). Food habits of reef fishes of the West Indies.",,,0,4,pelagic,Carangidae,"0,78","0,75","0,17","0,40",,"30,00","35,00",Guess
Carcharhinus perezi,car_per,"0,00479","3,09","113,33","0,2","1,89349","4,5","0,8",0,1,vmob,sol,,,220,0,0,0,0,0,1,0,0,0,0,0,0,0,0,0,0,"Randall, J. E. (1967). Food habits of reef fishes of the West Indies.","Tavares, R. A. F. A. E. L. (2009). Fishery biology of the Caribbean reef sharks, Carcharhinus perezi (Poey, 1876), in a Caribbean insular platform: Los Roques Archipelago National Park, Venezuela. Pan-American Journal of Aquatic Sciences, 4(4), 500-512.",,1,5,pelagic,Carcharhinidae,"0,81","0,77","0,23","0,15",,"100,00","113,33",
Chromis multilineata,chr_mul,"0,01479","2,99","7,03","0,39","1,56","3,7","0,36",1,1,mob,largeg,,,46,1,0,0,0,0,0,0,0,0,0,0,0,0,0,0,0,"Randall, J. E. (1967). Food habits of reef fishes of the West Indies.",,,0,3,benthic_diurnal,,"0,81","0,78","0,22","0,31",,"9,55","12,97",
Balistes vetula,bal_vet,"0,053350833333333","2,88","38,53","0,54","2,79","3,3","0,45",0,7,mob,sol,,,19,0,0,1,1,1,0,1,1,1,0,0,0,1,0,0,0,"Randall, J. E. (1967). Food habits of reef fishes of the West Indies.",,,0,3,benthic_diurnal,,"0,81","0,70","0,23","0,38",,"30,69","36,03",
Selene vomer,sel_vom,"0,0156","2,92",25,"0,72","3,71","4,3","0,4",0,3,vmob,medg,,,262,0,0,0,1,0,1,1,0,0,0,0,0,0,0,0,0,"Salles, A. C. R. (2009). Ecologia trófica do extrato juvenil de peixes carangídeos do infralitoral raso da enseada de Caraguatatuba, São Paulo (Doctoral dissertation, Universidade de São Paulo).",,,0,5,pelagic,Carangidae,"0,82","0,77","0,25","0,55",,"25,00","35,00",Guess
Holocentrus adscensionis,hol_ads,"0,043463636363636","2,81","26,52","0,34","2,11","3,4","0,49",0,2,sed,sol,,,104,0,0,0,0,0,0,1,1,0,0,0,0,0,0,0,0,"Randall, J. E. (1967). Food habits of reef fishes of the West Indies.",,,0,3,nocturnal,,"0,83","0,78","0,22","0,26",,"22,09","28,54",
Trachinotus falcatus,tra_fal,"0,030178","2,93",80,"0,53","2,87","3,5","0,55",0,4,vmob,medg,,,203,0,0,0,1,1,0,0,1,1,0,0,0,0,0,0,0,"Randall, J. E. (1967). Food habits of reef fishes of the West Indies.",,,0,4,benthic_diurnal,,"0,83","0,77","0,20","0,41",,"70,00","104,06",
Diapterus auratus,dia_aur,"0,00691","3,24","23,75","0,46","1,28","2,4","0,9",0,2,mob,smallg,,,227,1,0,0,0,0,0,1,0,0,0,0,0,0,0,0,0,"Chi-Espínola, A. A., Vega-Cendejas, M. E., & Canto-Maza, W. G. (2018). Feeding habits of the mojarras (Gerreidae) population in the hyperhaline lagoon system of Ría Lagartos, Yucatan, Mexico. Latin american journal of aquatic research, 46(4), 810-819.",,,0,2,benthic_diurnal,,"0,84","0,77","0,25","0,35",,"23,08","28,01",
Elagatis bipinnulata,ela_bip,"0,03435","2,62",55,"0,23","3,29","3,6","0,49",0,2,vmob,medg,,,67,1,0,0,0,0,1,0,0,0,0,0,0,0,0,0,0,"Vaske Júnior, T., Hazin, F. H. V., & Lessa, R. P. (2006). Pesca e hábitos alimentares do peixe-rei, Elagatis bipinnulata (Quoy & Gaimard, 1825)(Pisces: Carangidae) no arquipélago de Sao Pedro e Sao Paulo, Brasil.",,,0,5,pelagic,Carangidae,"0,84","0,79","0,18","0,19",,"50,00","70,00",Guess
Chromis limbata,chr_lim,"0,01479","2,99","7,46","0,48","1,34","3,4","0,45",1,1,mob,largeg,,,45,1,0,0,0,0,0,0,0,0,0,0,0,0,0,0,0,From Chromis multilineata,,,0,3,benthic_diurnal,,"0,84","0,74","0,21","0,36",,"10,00","13,00",Guess
Abudefduf saxatilis,abu_sax,"0,02075","3,13","12,9","0,56","1,54","2,8","0,32",0,5,mob,smallg,,,1,1,0,0,0,0,0,1,0,0,1,0,0,1,1,0,0,"Randall, J. E. (1967). Food habits of reef fishes of the West Indies.",,,0,3,benthic_diurnal,,"0,84","0,75","0,21","0,42",,"12,18","16,05",
Negaprion brevirostris,neg_bre,"0,011","3,11","128,33","0,15","1,07","4,3","0,5",0,2,vmob,sol,,,249,0,0,1,0,0,1,0,0,0,0,0,0,0,0,0,0,"Cortés, E., & Gruber, S. H. (1990). Diet, feeding habits and estimates of daily ration of young lemon sharks, Negaprion brevirostris (Poey). Copeia, 204-218.",,,1,5,nocturnal,Carcharhinidae,"0,85","0,79","0,22","0,14",,"128,33","220,31",
Harengula jaguana,har_jag,"0,00933254","3,06",20,"0,35","3,4","3,3","0,1",1,2,vmob,largeg,,,241,1,1,0,0,0,0,0,0,0,0,0,0,0,0,0,0,From Harengula clupeola,,,0,5,pelagic,,"0,85","0,81","0,20","0,28",,"19,39","19,39",
Harengula clupeola,har_clu,"0,00933254","3,05","6,84","0,28","1,64","3,3","0,3",1,2,vmob,largeg,,,240,1,1,0,0,0,0,0,0,0,0,0,0,0,0,0,0,"Chaves, P. D. T., & Vendel, A. L. (2008). Análise comparativa da alimentação de peixes (Teleostei) entre ambientes de marisma e de manguezal num estuário do sul do Brasil (Baía de Guaratuba, Paraná). Revista brasileira de Zoologia, 25(1), 10-15.",,,0,5,pelagic,,"0,86","0,81","0,21","0,27",,"6,88","8,08",
Chloroscombrus chrysurus,chl_chr,"0,0412","2,85",15,"0,39","3,24","3,5","0,2",1,1,vmob,medg,,,223,1,0,0,0,0,0,0,0,0,0,0,0,0,0,0,0,"de Oliveira Silva, J. T., & Lopes, P. R. D. (2002). Notas sobre a alimentação e morfologia do aparelho digestivo de Chloroscombrus chrysurus (Linnaeus, 1766)(Actinopterygii, Carangidae) na Praia de Ponta da Ilha (Ilha de Itaparica, Bahia). Revista brasileira de Zoociências, 4(2).","Sánchez-Ramírez, M. (2003). Diet composition and feeding habits of Atlantic bumper, Chloroscombrus chrysurus (Pisces: Carangidae), larvae in the southern Gulf of Mexico. Bulletin of marine science, 72(3), 675-683.",,0,4,pelagic,,"0,86","0,80","0,20","0,34",,"15,00","25,00",Guess
Caranx crysos,car_cry,"0,02598","2,96","29,16","0,38","3,36","4,3","0,45",0,3,vmob,largeg,,,31,0,0,1,1,0,1,0,0,0,0,0,0,0,0,0,0,"Randall, J. E. (1967). Food habits of reef fishes of the West Indies.",,,0,5,pelagic,Carangidae,"0,86","0,77","0,21","0,29",,"29,59","36,17",
Clepticus brasiliensis,cle_bra,"0,0162","3,19","18,79","0,38","2,97","3,5","0,4",1,1,mob,medg,,,47,1,0,0,0,0,0,0,0,0,0,0,0,0,0,0,0,"From Clepticus parrae; Randall, J. E. (1967). Food habits of reef fishes of the West Indies.",,,0,4,benthic_diurnal,,"0,86","0,66","0,16","0,25",,"18,49","24,51",
Paranthias furcifer,par_fur,"0,01346976","3,04","19,66","0,34","2,55","3,4","0,45",1,1,mob,medg,,,251,1,0,0,0,0,0,0,0,0,0,0,0,0,0,0,0,"Randall, J. E. (1967). Food habits of reef fishes of the West Indies.",,,0,4,benthic_diurnal,,"0,87","0,73","0,23","0,25",,"16,63","25,81",
Paranthias furcifer,cep_fur,"0,0135","3,04","19,66","0,34","2,55","3,4","0,45",1,2,mob,medg,,,153,1,0,0,0,0,0,1,0,0,0,0,0,0,0,0,0,"Randall, J. E. (1967). Food habits of reef fishes of the West Indies.",,,0,3,benthic_diurnal,,"0,87","0,73","0,23","0,25",,"19,34","24,17",
Albula vulpes,alb_vul,"0,023881428571429","2,89","38,57","0,23","2,41","3,7","0,56",0,1,mob,smallg,,,7,0,0,0,0,0,0,1,0,0,0,0,0,0,0,0,0,"Crabtree, R. E., Stevens, C., Snodgrass, D., & Stengard, F. J. (1998). Feeding habits of bonefish, Albula vulpes, from the waters of the Florida Keys. Fishery bulletin, 96(4), 754-766.",,,0,2,nocturnal,,"0,87","0,82","0,21","0,19",,"31,60","44,09",
Carangoides bartholomaei,car_bar,"0,03458","2,94","41,17","0,37","3,61","4,5","0,8",0,3,vmob,largeg,,,30,0,0,1,1,0,1,0,0,0,0,0,0,0,0,0,0,"Randall, J. E. (1967). Food habits of reef fishes of the West Indies.",,,0,4,pelagic,Carangidae,"0,88","0,80","0,26","0,30",,"34,23","38,37",
Myripristis jacobus,myr_jac,"0,06288","2,89","19,74","0,45","2,77","3,6","0,57",0,3,sed,medg,,,141,1,0,0,0,0,0,1,1,0,0,0,0,0,0,0,0,"Randall, J. E. (1967). Food habits of reef fishes of the West Indies.",,,0,3,nocturnal,,"0,88","0,81","0,27","0,36",,"15,47","18,17",
Haemulon aurolineatum,hae_aur,"0,017126363636364","3,01","18,82","0,36","2,1","3,2","0,4",0,4,mob,largeg,,,87,0,0,0,1,0,1,1,1,0,0,0,0,0,0,0,0,"Pereira, P. H. C., Barros, B., Zemoi, R., & Ferreira, B. P. (2015). Ontogenetic diet changes and food partitioning of Haemulon spp. coral reef fishes, with a review of the genus diet. Reviews in Fish Biology and Fisheries, 25(1), 245-260.",,,0,3,nocturnal,Haemulidae,"0,88","0,80","0,28","0,29",,"18,65","22,87",
Mulloidichthys martinicus,mul_mar,"0,021887142857143","3,08","29,8","0,25","2,26","3,5","0,37",0,3,mob,medg,,,132,0,0,0,1,0,0,1,1,0,0,0,0,0,0,0,0,"Randall, J. E. (1967). Food habits of reef fishes of the West Indies.",,,0,3,benthic_diurnal,,"0,88","0,86","0,21","0,22",,"21,40","25,14",
Eucinostomus argenteus,euc_arg,"0,0359","2,91","11,35","0,35","2,35","3,2","0,1",0,2,mob,smallg,,,233,1,0,0,0,0,0,1,0,0,0,0,0,0,0,0,0,"Chi-Espínola, A. A., Vega-Cendejas, M. E., & Canto-Maza, W. G. (2018). Feeding habits of the mojarras (Gerreidae) population in the hyperhaline lagoon system of Ría Lagartos, Yucatan, Mexico. Latin american journal of aquatic research, 46(4), 810-819.",,,0,2,benthic_diurnal,,"0,88","0,82","0,29","0,28",,"11,30","12,45",
Carangoides ruber,car_rub,"0,017824","3,02","33,15","0,34","4,23","3,8","0,7",0,3,vmob,largeg,,,34,0,0,1,1,0,1,0,0,0,0,0,0,0,0,0,0,"Randall, J. E. (1967). Food habits of reef fishes of the West Indies.",,,0,5,pelagic,Carangidae,"0,88","0,80","0,23","0,27",,"34,97","39,76",
Caranx hippos,car_hip,"0,025",3,120,"0,38","3,41","3,6","0,4",0,5,vmob,medg,,,219,0,0,1,1,1,1,0,1,0,0,0,0,0,0,0,0,"Saloman, C. H., & Naughton, S. P. (1984). Food of crevalle jack (Caranx hippos) from Florida, Louisiana, and Texas.",,,0,5,pelagic,Carangidae,"0,88","0,81","0,25","0,33",,"80,00","120,00",Guess
Bodianus pulchellus,bod_pul,"0,0187","3,12","17,35","0,27","1,42","3,6","0,48",0,4,mob,sol,,,21,0,0,0,1,0,0,1,1,1,0,0,0,0,0,0,0,"Randall, J. E. (1967). Food habits of reef fishes of the West Indies.",,,0,3,benthic_diurnal,,"0,88","0,78","0,21","0,21",,"19,41","26,90",
Stegastes pictus,ste_pic,"0,01479","2,99",4,"0,47","1,15",2,0,0,5,sed,sol,,,194,1,0,0,0,0,0,1,0,0,0,0,0,1,1,1,0,"Randall, J. E. (1967). Food habits of reef fishes of the West Indies.",,,0,2,benthic_diurnal,,"0,88","0,76","0,22","0,35",,"6,24","7,73",
Calamus pennatula,cal_pen,"0,02845","3,01","7,33","0,36","1,63","3,5","0,52",0,5,mob,sol,,,25,0,0,0,1,1,0,1,1,1,0,0,0,0,0,0,0,"Randall, J. E. (1967). Food habits of reef fishes of the West Indies.",,,0,3,benthic_diurnal,,"0,89","0,87","0,27","0,38",,"25,00","30,00",Guess
Acanthurus bahianus,aca_bah,"0,026","2,87","22,91","0,4","2,43",2,"0,01",0,5,mob,medg,,,4,0,0,0,0,0,0,0,0,0,0,0,1,1,1,1,1,"Dias, T. L., Rosa, I. L., & Feitoza, B. M. (2001). Food resource and habitat sharing by the three Western South Atlantic surgeonfishes (Teleostei: Acanthuridae: Acanthurus) off Paraíba coast, North-eastern Brazil. Aqua Journal of Ichthyology and Aquatic Biology, 5, 1-10.",,,0,3,benthic_diurnal,,"0,89","0,79","0,22","0,34",,"17,67","24,97",
Seriola dumerili,ser_dum,"0,0325","2,87",50,"0,28","2,83","4,5","0,1",0,1,vmob,smallg,,,264,0,0,0,0,0,1,0,0,0,0,0,0,0,0,0,0,"Badalamenti, F., D'anna, G., Lopiano, L., Scilipoti, D., & Mazzola, A. (1995). FEEDING-HABITS OF YOUNG-OF-THE-YEAR GREATER AMBERJACK SERIOLA DUMERILI (RISSO, 1810) ALONG THE N/W SICILIAN COAST.","Randall, J. E. (1967). Food habits of reef fishes of the West Indies.",,0,5,pelagic,Carangidae,"0,89","0,84","0,23","0,26",,"45,00","50,00",Guess
Caranx latus,car_lat,"0,032678333333333","2,89","34,03","0,37","3,53","3,9","0,62",0,3,vmob,largeg,,,32,0,0,1,1,0,1,0,0,0,0,0,0,0,0,0,0,"Silvano, R. A. (2001). Feeding habits and interspecific feeding associations of Caranx latus (Carangidae) in a subtropical reef. Environmental Biology of Fishes, 60(4), 465-470.",,,0,5,pelagic,Carangidae,"0,89","0,81","0,25","0,30",,"28,96","36,90",
Selar crumenophthalmus,sel_cru,"0,0100375","3,21",15,"0,28","3,53","3,6","0,5",0,2,vmob,largeg,,,173,1,0,0,0,0,1,0,0,0,0,0,0,0,0,0,0,"Randall, J. E. (1967). Food habits of reef fishes of the West Indies.",,,0,5,pelagic,Carangidae,"0,89","0,86","0,24","0,24",,"15,00","25,00",Guess
Anisotremus virginicus,ani_vir,"0,014",3,"13,61","0,46","1,77","3,4","0,41",0,3,mob,smallg,,,12,0,0,0,1,0,0,1,1,0,0,0,0,0,0,0,0,"Randall, J. E. (1967). Food habits of reef fishes of the West Indies.",,,0,4,nocturnal,,"0,89","0,83","0,24","0,38",,"20,14","25,94",
Pseudocaranx dentex,pse_den,"0,04715","2,87","17,97","0,35","4,38","3,7","0,5",0,3,vmob,smallg,,,162,0,0,1,1,0,1,0,0,0,0,0,0,0,0,0,0,"Randall, J. E. (1967). Food habits of reef fishes of the West Indies.",,,0,4,pelagic,Carangidae,"0,89","0,86","0,26","0,30",,"22,83","31,89",
Alectis ciliaris,ale_cil,"0,0412","2,85",50,"0,42","4,41",4,"0,7",0,3,vmob,smallg,,,209,0,0,1,1,0,1,0,0,0,0,0,0,0,0,0,0,"López-Peralta, R. H., & Arcila, C. A. T. (2002). Diet composition of fish species from the southern continental shelf of Colombia. Naga, WorldFish Center Quarterly, 25(3-4), 23-29.",,,0,4,pelagic,Carangidae,"0,89","0,87","0,25","0,40",,"45,00","50,00",Guess
Pempheris schomburgki,pem_sch,"0,0302","2,85","12,21","0,43","2,44","3,1","0,01",1,2,sed,medg,,,155,1,0,0,0,0,0,1,0,0,0,0,0,0,0,0,0,"Randall, J. E. (1967). Food habits of reef fishes of the West Indies.",,,0,2,nocturnal,,"0,89","0,81","0,24","0,35",,"10,91","15,38",
Sphyraena guachancho,sph_gua,"0,0132","2,88","11,13","0,15","2,19","4,4","0,71",0,1,vmob,smallg,,,190,0,0,0,0,0,1,0,0,0,0,0,0,0,0,0,0,From S. picudila,,,0,4,pelagic,Sphyraenidae,"0,90","0,84","0,21","0,12",,"15,00","30,00",Guess
Pagrus pagrus,pag_pag,"0,0447","2,79","18,98","0,39","2,02","3,9","0,2",0,6,mob,sol,,,250,0,0,1,1,1,1,1,1,0,0,0,0,0,0,0,0,"Manooch, I. I. I., & Charles, S. (1977). Foods of the red porgy, Pagrus pagrus Linnaeus (Pisces: Sparidae), from North Carolina and South Carolina. Bulletin of Marine Science, 27(4), 776-787.",,,0,4,nocturnal,Sparidae,"0,90","0,82","0,22","0,33",,"19,01","25,27",
Ocyurus chrysurus,ocy_chr,"0,039326086956522","2,76",23,"0,38","1,74","3,9","0,54",0,5,mob,smallg,,,143,1,0,0,1,0,1,1,1,0,0,0,0,0,0,0,0,"Randall, J. E. (1967). Food habits of reef fishes of the West Indies.",Fishbase,,0,4,nocturnal,Lutjanidae,"0,90","0,79","0,27","0,30",,"15,15","24,73",
Seriola rivoliana,ser_riv,"0,021992","2,95","35,17","0,35","3,74","4,5","0,78",0,2,vmob,smallg,,,174,0,0,1,0,0,1,0,0,0,0,0,0,0,0,0,0,"Manooch III, C. S., & Haimovici, M. (1983). Foods of greater amberjack, Seriola dumerili, and almaco jack, Seriola rivoliana (Pisces: Carangidae), from the South Atlantic Bight. Journal of the Elisha Mitchell Scientific Society, 1-9.",,,0,5,pelagic,Carangidae,"0,90","0,85","0,22","0,30",,"40,36","44,93",
Cephalopholis hibrido,cep_hib,"0,028477777777778","2,95","16,83","0,36","1,63","3,8","0,6",0,4,mob,sol,,,38,1,0,1,1,0,1,0,0,0,0,0,0,0,0,0,0,From Cephalopholis fulva and Cephalopholis (Paranthias) furcifer,,,0,3,benthic_diurnal,Serranidae,"0,90","0,78","0,28","0,26",,"19,11","25,97",
Stegastes variabilis,ste_var,"0,0156","3,13","5,26","0,49","1,98","2,7","0,23",0,6,sed,sol,,,197,1,0,0,0,0,0,1,0,0,0,0,0,1,1,1,1,"Feitosa, J. L. L., Concentino, A. M., Teixeira, S. F., & Ferreira, B. P. (2012). Food resource use by two territorial damselfish (Pomacentridae: Stegastes) on South-Western Atlantic algal-dominated reefs. Journal of sea research, 70, 42-49.",,,0,2,benthic_diurnal,,"0,90","0,80","0,27","0,39",,"7,42","9,51",
Malacanthus plumieri,mal_plu,"0,020533333333333","2,72","30,79","0,18","1,25","3,5","0,37",0,4,sed,sol,,,121,0,0,0,1,1,1,0,1,0,0,0,0,0,0,0,0,"Randall, J. E. (1967). Food habits of reef fishes of the West Indies.",,,0,1,benthic_diurnal,Malacanthidae,"0,90","0,84","0,21","0,15",,"28,10","43,09",
Diplodus argenteus,dip_arg,"0,01259","3,03","12,67","0,53","3,57","3,1","0,39",0,4,mob,smallg,,,60,0,0,0,0,0,0,1,0,0,0,0,0,1,1,1,0,,,,0,3,benthic_diurnal,,"0,90","0,82","0,22","0,43",,"19,91","26,18",
Stegastes sanctipauli,ste_san,"0,01479","2,99","5,56","0,44","0,97","2,7","0,24",0,5,sed,sol,,,196,1,0,0,0,0,0,1,0,0,0,0,0,1,1,1,0,From S. rocasensis,,,0,2,benthic_diurnal,,"0,90","0,78","0,26","0,34",,"5,05","8,00",Part_Guess
Seriola lalandi,ser_lal,"0,0246","2,85","53,33","0,24","3,7","4,2","0,1",0,1,vmob,smallg,,,265,0,0,0,0,0,1,0,0,0,0,0,0,0,0,0,0,"Vergani, M., Acha, E. M., de Astarloa, J. D., & Giberto, D. (2008). Food of the yellowtail amberjack Seriola lalandi from the south-west Atlantic. Marine Biological Association of the United Kingdom. Journal of the Marine Biological Association of the United Kingdom, 88(4), 851.",,,0,5,pelagic,Carangidae,"0,91","0,87","0,22","0,21",,"53,33","84,06",
Haemulon chrysargyreum,hae_chr,"0,020366666666667","3,04","17,92","0,32","1,45","3,5","0,48",0,3,mob,medg,,,88,0,0,0,1,0,0,1,1,0,0,0,0,0,0,0,0,"Estrada, M. (1986). Hábitos alimentarios de los peces del género Haemulon (Pisces: Haemulidae) de los arrecifes de la región de Santa Marta, Colombia. Boletín de Investigaciones Marinas y Costeras.",,,0,3,benthic_diurnal,,"0,91","0,85","0,23","0,27",,"18,41","21,10",
Sardinella brasiliensis,sar_bra,"0,004273333333333","3,27","19,31","0,36","1,63","3,1","0,3",1,2,vmob,largeg,,,167,1,1,0,0,0,0,0,0,0,0,0,0,0,0,0,0,"Kurtz, F. W., & Matsuura, Y. (2001). Food and feeding ecology of Brazilian sardine (Sardinella brasiliensis) larvae from the southeastern Brazilian Bight. Revista Brasileira de Oceanografia, 49(1-2), 60-74.",,,0,5,pelagic,,"0,91","0,87","0,19","0,19",,"7,47","9,45",
Kyphosus sectatrix,kyp_sec,"0,0174","3,08","32,55","0,43","2,71","2,3","0,17",0,4,vmob,medg,,,112,0,0,0,0,0,0,1,0,0,0,0,0,1,1,1,0,From K. incisor,,,0,4,benthic_diurnal,,"0,91","0,81","0,21","0,35",,"30,00","45,00",Guess
Pseudupeneus maculatus,pse_mac,"0,016614","3,16","24,94","0,28","2,21","3,4","0,39",0,4,mob,smallg,,,163,0,0,0,1,0,1,1,1,0,0,0,0,0,0,0,0,"Randall, J. E. (1967). Food habits of reef fishes of the West Indies.",,,0,3,benthic_diurnal,Mullidae,"0,91","0,85","0,22","0,24",,"17,49","23,59",
Diplectrum formosum,dip_for,"0,001417552","3,55","8,33","0,28","1,88","4,5","0,1",0,3,mob,sol,,,228,0,0,0,1,0,1,0,1,0,0,0,0,0,0,0,0,"Gibran, F. Z. (2007). Activity, habitat use, feeding behavior, and diet of four sympatric species of Serranidae (Actinopterygii: Perciformes) in southeastern Brazil. Neotropical Ichthyology, 5(3), 387-398.",,,0,2,benthic_diurnal,Serranidae,"0,91","0,79","0,27","0,22",,"8,33","10,00",Part_Guess
Hemiramphus brasiliensis,hem_bra,"0,017418571428571","3,11",25,"0,12","2,34","2,8","0,41",0,2,mob,medg,,,99,0,0,0,0,0,1,0,0,0,0,0,0,0,0,1,0,"Randall, J. E. (1967). Food habits of reef fishes of the West Indies.",,,0,4,pelagic,Hemiramphidae,"0,91","0,88","0,33","0,11",,"21,25","35,00",Part_Guess
Anisotremus surinamensis,ani_sur,"0,0284975","2,92","29,49","0,45","2,22","3,5","0,47",0,4,mob,smallg,,,11,0,0,0,1,1,0,1,1,0,0,0,0,0,0,0,0,"Randall, J. E. (1967). Food habits of reef fishes of the West Indies.",,,0,4,nocturnal,,"0,91","0,83","0,27","0,38",,"28,60","36,17",
Anisotremus moricandi,ani_mor,"0,0233","3,01","15,42","0,47","2,66","2,66","0,4",0,5,mob,smallg,,,212,0,0,0,1,1,0,1,1,1,0,0,0,0,0,0,0,From Anisotremus surinamensis,,,0,3,nocturnal,,"0,91","0,84","0,32","0,39",,"15,23","16,68",
Stegastes rocasensis,ste_roc,"0,01479","2,99","5,53","0,5","0,89","2,7","0,24",0,5,sed,sol,,,195,1,0,0,0,0,0,1,0,0,0,0,0,1,1,1,0,"Souza, A. T., Ilarri, M. I., & Rosa, I. L. (2011). Habitat use, feeding and territorial behavior of a Brazilian endemic damselfish Stegastes rocasensis (Actinopterygii: Pomacentridae). Environmental Biology of Fishes, 91(2), 133-144.",,,0,2,benthic_diurnal,,"0,91","0,78","0,21","0,39",,"4,64","5,36",
Chromis scotti,chr_sco,"0,017909534","3,29","5,5","0,53","1,52","3,4","0,45",1,1,sed,medg,,,225,1,0,0,0,0,0,0,0,0,0,0,0,0,0,0,0,"From Chromis cyanea; Randall, J. E. (1967). Food habits of reef fishes of the West Indies.",,,0,3,benthic_diurnal,,"0,91","0,78","0,26","0,41",,"5,50","8,00",Part_Guess
Synodus synodus,syn_syn,"0,0052","3,25","13,3","0,15","1,83","4,2","0,73",0,1,sed,sol,,,201,0,0,0,0,0,1,0,0,0,0,0,0,0,0,0,0,"Randall, J. E. (1967). Food habits of reef fishes of the West Indies.",,,0,1,benthic_diurnal,Synodontidae,"0,92","0,88","0,26","0,13",,"14,02","18,48",
Stegastes fuscus,ste_fus,"0,024866666666667","2,99","7,62","0,5","1,48","2,7","0,23",0,6,sed,sol,,,193,1,0,0,0,0,0,1,0,0,0,0,0,1,1,1,1,"Feitosa, J. L. L., Concentino, A. M., Teixeira, S. F., & Ferreira, B. P. (2012). Food resource use by two territorial damselfish (Pomacentridae: Stegastes) on South-Western Atlantic algal-dominated reefs. Journal of sea research, 70, 42-49.",,,0,2,benthic_diurnal,,"0,92","0,81","0,22","0,41",,"7,99","11,06",
Mugil liza,mug_liz,"0,0211924","2,89","22,35","0,26","1,91","2,4","0,22",0,3,vmob,largeg,mug_cur,,131,1,1,0,0,0,0,0,0,0,0,0,0,0,0,0,1,"Garcia, A. F. S., Garcia, A. M., Vollrath, S. R., Schneck, F., Silva, C. F. M., Marchetti, Í. J., & Vieira, J. P. (2018). Spatial diet overlap and food resource in two congeneric mullet species revealed by stable isotopes and stomach content analyses. Community Ecology, 19(2), 116-124.","Rueda, P. S. (2002). Stomach content analysis of Mugil cephalus and Mugil curema (Mugiliformes: Mugilidae) with emphasis on diatoms in the Tamiahua lagoon, México. Revista de Biologia Tropical, 245-252.",,0,4,benthic_diurnal,,"0,92","0,82","0,20","0,17",,"30,00","40,00",Guess
Haemulon plumieri,hae_plu,"0,016","3,05","19,4","0,39",3,"3,8","0,1",0,4,mob,medg,,,237,0,0,0,1,0,1,1,1,0,0,0,0,0,0,0,0,"Pereira, P. H. C., Barros, B., Zemoi, R., & Ferreira, B. P. (2015). Ontogenetic diet changes and food partitioning of Haemulon spp. coral reef fishes, with a review of the genus diet. Reviews in Fish Biology and Fisheries, 25(1), 245-260.",,,0,3,nocturnal,Haemulidae,"0,92","0,81","0,31","0,33",,"19,32","24,87",
Acanthurus coeruleus,aca_coe,"0,0321","2,96","28,18","0,63","3,49",2,"0,01",0,4,mob,medg,,,6,0,0,0,0,0,0,1,0,0,0,0,0,1,1,1,0,"Dias, T. L., Rosa, I. L., & Feitoza, B. M. (2001). Food resource and habitat sharing by the three Western South Atlantic surgeonfishes (Teleostei: Acanthuridae: Acanthurus) off Paraíba coast, North-eastern Brazil. Aqua Journal of Ichthyology and Aquatic Biology, 5, 1-10.",,,0,3,benthic_diurnal,,"0,92","0,79","0,22","0,50",,"21,98","29,40",
Decapterus macarellus,dec_mac,"0,00701","3,28","21,83","0,21","4,44","3,2","0,38",1,2,vmob,largeg,,,54,1,1,0,0,0,0,0,0,0,0,0,0,0,0,0,0,"Randall, J. E. (1967). Food habits of reef fishes of the West Indies.",,,0,5,pelagic,,"0,92","0,89","0,19","0,18",,"14,18","15,61",
Haemulon melanurum,hae_mel,"0,0804","2,63","18,75","0,34","1,74","3,2","0,1",0,2,mob,medg,,,236,0,0,0,1,0,0,1,0,0,0,0,0,0,0,0,0,"Estrada, M. (1986). Hábitos alimentarios de los peces del género Haemulon (Pisces: Haemulidae) de los arrecifes de la región de Santa Marta, Colombia. Boletín de Investigaciones Marinas y Costeras.",,,0,3,benthic_diurnal,,"0,92","0,84","0,28","0,27",,"18,75","22,03",
Sargocentron bullisi,sar_bul,"0,0166","2,97","18,93","0,32","0,85","3,5","0,6",0,3,sed,sol,,,168,0,0,0,1,0,0,1,1,0,0,0,0,0,0,0,0,"Randall, J. E. (1967). Food habits of reef fishes of the West Indies.",,,0,3,nocturnal,,"0,92","0,82","0,27","0,26",,"15,70","19,60",
Rhomboplites aurorubens,rho_aur,"0,039754545454546","2,82","11,53","0,33","2,77","3,8","0,56",0,2,mob,medg,,,165,0,0,0,0,0,0,1,1,0,0,0,0,0,0,0,0,"Grimes, C. B. (1979). Diet and feeding ecology of the vermilion snapper, Rhomboplites aurorubens (Cuvier) from North Carolina and South Carolina waters. Bulletin of Marine Science, 29(1), 53-61.",,,0,4,benthic_diurnal,,"0,92","0,81","0,21","0,27",,"19,13","11,37",
Phaeoptyx pigmentaria,pha_pig,"0,008305","3,31","4,56","0,32","1,28","3,5","0,5",1,2,sed,sol,,,156,1,0,0,0,0,0,1,0,0,0,0,0,0,0,0,0,From A. americanus,,,0,2,nocturnal,,"0,92","0,78","0,24","0,26",,"4,60","5,59",
Sphyraena picudilla,sph_pic,"0,00631","2,91",36,"0,13","2,24","4,2","0,3",0,1,vmob,smallg,,,191,0,0,0,0,0,1,0,0,0,0,0,0,0,0,0,0,"Randall, J. E. (1967). Food habits of reef fishes of the West Indies.",,,0,4,pelagic,Sphyraenidae,"0,92","0,87","0,28","0,11",,"45,00","50,00",Guess
Lutjanus analis,lut_ana,"0,026264736842105","2,97","14,57","0,37","1,69","3,9","0,6",0,3,mob,smallg,,,119,0,0,0,1,0,1,0,1,0,0,0,0,0,0,0,0,"Freitas, M. O., Abilhoa, V., & Costa e Silva, G. H. D. (2011). Feeding ecology of Lutjanus analis (Teleostei: Lutjanidae) from Abrolhos Bank, Eastern Brazil. Neotropical Ichthyology, 9(2), 411-418.","Randall, J. E. (1967). Food habits of reef fishes of the West Indies.",,0,3,nocturnal,Lutjanidae,"0,92","0,81","0,26","0,30",,"33,47","40,00",Part_Guess
Acanthurus monroviae,aca_mon,"0,002453226",3,35,"0,47","2,45","2,5","0,24",0,5,mob,medg,,,207,0,0,0,0,0,0,0,0,0,0,0,1,1,1,1,1,From Acanthurus chirurgus,,,0,3,benthic_diurnal,,"0,92","0,77","0,18","0,38",,"35,00","38,00",
Bodianus rufus,bod_ruf,"0,01695","3,08","22,57","0,32","1,62","3,4","0,44",0,5,mob,sol,,,22,0,0,0,1,1,0,1,1,1,0,0,0,0,0,0,0,"Randall, J. E. (1967). Food habits of reef fishes of the West Indies.",,,0,3,benthic_diurnal,,"0,92","0,81","0,25","0,26",,"20,59","27,39",
Centropomus undecimalis,can_und,"0,010001428571429","2,95","29,35","0,22","1,91","4,1","0,7",0,3,mob,smallg,,,35,0,0,1,1,0,1,0,0,0,0,0,0,0,0,0,0,"Blewett, D. A., Hensley, R. A., & Stevens, P. W. (2006). Feeding habits of common snook, Centropomus undecimalis, in Charlotte Harbor, Florida. Gulf and Caribbean Research, 18(1), 1-14.",,,0,3,nocturnal,Centropomidae,"0,92","0,87","0,31","0,19",,"47,83","55,77",
Centropomus undecimalis,cen_und,"0,00581","3,04","47,55","0,21","1,57","4,2","0,6",0,2,mob,sol,,,221,0,0,0,1,0,1,0,0,0,0,0,0,0,0,0,0,"Blewett, D. A., Hensley, R. A., & Stevens, P. W. (2006). Feeding habits of common snook, Centropomus undecimalis, in Charlotte Harbor, Florida. Gulf and Caribbean Research, 18(1), 1-14.",,,0,4,nocturnal,Centropomidae,"0,92","0,87","0,31","0,19",,"47,83","55,77",
Balistes capriscus,bal_cap,"0,042853684210526","2,86",25,"0,56","1,6","3,5","0,4",0,7,vmob,largeg,,,18,0,0,1,1,1,0,1,1,1,0,0,0,0,0,1,0,"Vose, F. E., & Nelson, W. G. (1994). Gray triggerfish (Balistes capriscus Gmelin) feeding from artificial and natural substrate in shallow Atlantic waters of Florida. Bulletin of Marine Science, 55(2-3), 1316-1323.",,,0,4,benthic_diurnal,,"0,93","0,76","0,25","0,43",,"30,00","45,00",Guess
Engraulis anchoita,eng_anc,"0,00479","3,12",5,"0,17","2,73","2,5","0,1",1,2,mob,largeg,,,230,1,1,0,0,0,0,0,0,0,0,0,0,0,0,0,0,"From Engraulis encrasicolus; Bacha, M., & Amara, R. (2009). Spatial, temporal and ontogenetic variation in diet of anchovy (Engraulis encrasicolus) on the Algerian coast (SW Mediterranean). Estuarine, Coastal and Shelf Science, 85(2), 257-264.","From Engraulis capensis; James, A. G. (1987). Feeding ecology, diet and field-based studies on feeding selectivity of the Cape anchovy Engraulis capensis Gilchrist. South African Journal of Marine Science, 5(1), 673-692.",,0,5,pelagic,,"0,93","0,86","0,20","0,15",,"5,00","10,00",Guess
Sphyraena borealis,sph_bor,"0,00759","2,91",46,"0,13","1,73","4,1","0,7",0,1,vmob,medg,,,189,0,0,0,0,0,1,0,0,0,0,0,0,0,0,0,0,From S. picudila,,,0,4,pelagic,Sphyraenidae,"0,93","0,89","0,25","0,11",,"35,00","48,00",Guess
Haemulon parra,hae_par,"0,0195","3,02","22,94","0,38","2,27","3,9","0,63",0,4,mob,medg,,,89,0,0,0,1,0,1,1,1,0,0,0,0,0,0,0,0,"Pereira, P. H. C., Barros, B., Zemoi, R., & Ferreira, B. P. (2015). Ontogenetic diet changes and food partitioning of Haemulon spp. coral reef fishes, with a review of the genus diet. Reviews in Fish Biology and Fisheries, 25(1), 245-260.",,,0,3,nocturnal,Haemulidae,"0,93","0,84","0,28","0,32",,"22,76","27,64",
Diplectrum radiale,dip_rad,"0,008806","3,16","7,53","0,35","1,49","4,1","0,68",0,2,mob,sol,,,59,1,0,0,0,0,0,1,0,0,0,0,0,0,0,0,0,,,,0,3,benthic_diurnal,,"0,93","0,80","0,25","0,28",,"10,46","14,17",
Chromis flavicauda,chr_fla,"0,017909534","3,29",5,"0,48","1,5",3,"0,1",1,1,sed,medg,,,224,1,0,0,0,0,0,0,0,0,0,0,0,0,0,0,0,"From Chromis cyanea; Randall, J. E. (1967). Food habits of reef fishes of the West Indies.",,,0,3,benthic_diurnal,,"0,93","0,79","0,23","0,37",,"5,00","8,00",Guess
Chromis jubauna,chr_jub,"0,0182",3,"7,4","0,58","1,98",3,"0,1",1,2,sed,medg,,,44,1,0,0,0,0,0,1,0,0,0,0,0,0,0,0,0,"From Chromis cyanea; Randall, J. E. (1967). Food habits of reef fishes of the West Indies.",,,0,3,benthic_diurnal,,"0,93","0,77","0,25","0,44",,"7,67","9,13",
Haemulon squamipinna,hae_squ,"0,0144","3,07","13,03","0,39","3,41","3,4","0,5",0,5,mob,medg,,,238,0,0,0,1,0,1,1,1,0,0,0,0,1,0,0,0,"Pereira, P. H. C., Barros, B., Zemoi, R., & Ferreira, B. P. (2015). Ontogenetic diet changes and food partitioning of Haemulon spp. coral reef fishes, with a review of the genus diet. Reviews in Fish Biology and Fisheries, 25(1), 245-260.",,,0,3,nocturnal,Haemulidae,"0,93","0,86","0,25","0,32",,"12,68","16,28",
Synodus intermedius,syn_int,"0,006350499",3,"17,82","0,15","1,56","4,2","0,5",0,2,sed,sol,,,267,0,0,0,1,0,1,0,0,0,0,0,0,0,0,0,0,"Randall, J. E. (1967). Food habits of reef fishes of the West Indies",,,0,1,benthic_diurnal,Synodontidae,"0,93","0,87","0,23","0,14",,"17,82","24,33",
Kyphosus bigibbus,kyp_big,"0,028515","2,93","30,92","0,41","3,2","2,6","0,24",0,4,vmob,medg,,,109,0,0,0,0,0,0,1,0,0,0,0,0,1,1,1,0,From K. incisor,,,0,4,benthic_diurnal,,"0,93","0,85","0,19","0,35",,"30,92","50,70",
Caranx lugubris,car_lug,"0,025342857142857","2,93","32,69","0,41","6,26",4,"0,65",0,3,vmob,smallg,,,33,0,0,1,1,0,1,0,0,0,0,0,0,0,0,0,0,"Randall, J. E. (1967). Food habits of reef fishes of the West Indies.",,,0,5,pelagic,Carangidae,"0,93","0,85","0,26","0,34",,"35,80","45,73",
Kyphosus incisor,kyp_inc,"0,018495","2,98",25,"0,38","2,87","2,1","0,01",0,4,vmob,medg,,,111,0,0,0,0,0,0,1,0,0,0,0,0,1,1,1,0,"Silvano, R. A. M., & Güth, A. Z. (2006). Diet and feeding behavior of Kyphosus spp.(Kyphosidae) in a Brazilian subtropical reef. Brazilian Archives of Biology and Technology, 49(4), 623-629.",,,0,4,benthic_diurnal,,"0,93","0,84","0,21","0,32",,"30,00","50,00",Guess
Euthynnus alletteratus,eut_all,"0,03","2,91",35,"0,24","4,18","4,5","0,1",0,3,vmob,medg,,,234,0,0,1,1,0,1,0,0,0,0,0,0,0,0,0,0,"Falautano, M., Castriota, L., Finoia, M. G., & Andaloro, F. (2007). Feeding ecology of little tunny Euthynnus alletteratus in the central Mediterranean Sea. Journal of the Marine Biological Association of the United Kingdom, 87(4), 999-1005.",,,0,5,pelagic,Scombridae,"0,93","0,91","0,22","0,23",,"35,00","45,00",Guess
Kyphosus vaigiensis,kyp_vai,"0,02549","2,98","32,95","0,45","3,25","2,8","0,34",0,4,vmob,medg,,,114,0,0,0,0,0,0,1,0,0,0,0,0,1,1,1,0,From K. incisor,,,0,4,benthic_diurnal,,"0,93","0,83","0,20","0,37",,"30,00","50,00",Guess
Sphyraena barracuda,sph_bar,"0,018224","2,93","83,7","0,15","2,45","4,5","0,8",0,1,vmob,smallg,,,188,0,0,0,0,0,1,0,0,0,0,0,0,0,0,0,0,"Randall, J. E. (1967). Food habits of reef fishes of the West Indies.",,,0,5,pelagic,Sphyraenidae,"0,94","0,87","0,24","0,13",,"84,73","113,06",
Archosargus rhomboidalis,arc_rho,"0,02234706","3,04","29,71","0,52","2,35","2,35","0,1",0,4,mob,sol,,,215,0,0,0,0,0,0,1,1,0,0,0,0,1,0,1,0,"Randall, J. E. (1967). Food habits of reef fishes of the West Indies.",,,0,3,benthic_diurnal,,"0,94","0,80","0,23","0,38",,"29,56","32,31",
Kyphosus cinerascens,kyp_cin,"0,02425","2,97",38,"0,43","3,43","2,9","0,33",0,4,vmob,medg,,,110,0,0,0,0,0,0,1,0,0,0,0,0,1,1,1,0,From K. incisor,,,0,4,benthic_diurnal,,"0,94","0,85","0,22","0,36",,"30,00","50,00",Guess
Mugil curema,mug_cur,"0,0211924","2,89","22,35","0,26","1,91","2,4","0,22",0,3,vmob,largeg,,,130,1,1,0,0,0,0,0,0,0,0,0,0,0,0,0,1,"Randall, J. E. (1967). Food habits of reef fishes of the West Indies.","Rueda, P. S. (2002). Stomach content analysis of Mugil cephalus and Mugil curema (Mugiliformes: Mugilidae) with emphasis on diatoms in the Tamiahua lagoon, México. Revista de Biologia Tropical, 245-252.","Garcia, A. F. S., Garcia, A. M., Vollrath, S. R., Schneck, F., Silva, C. F. M., Marchetti, Í. J., & Vieira, J. P. (2018). Spatial diet overlap and food resource in two congeneric mullet species revealed by stable isotopes and stomach content analyses. Community Ecology, 19(2), 116-124.",0,4,benthic_diurnal,,"0,94","0,82","0,21","0,21",,"29,44","39,06",
Dactylopterus volitans,dac_vol,"0,021872857142857","2,94",35,"0,17","1,47","3,7","0,58",0,3,sed,sol,,,53,0,0,0,1,0,0,1,1,0,0,0,0,0,0,0,0,"Randall, J. E. (1967). Food habits of reef fishes of the West Indies.",,,0,3,nocturnal,,"0,94","0,85","0,17","0,15",,"29,19","31,78",
Chaetodipterus faber,cha_fab,"0,085381","2,8","26,22","0,63","3,23","3,5","0,47",0,8,vmob,medg,,,39,0,0,0,0,0,0,1,1,1,1,1,0,1,0,1,1,"Randall, J. E. (1967). Food habits of reef fishes of the West Indies.",,,0,4,benthic_diurnal,,"0,94","0,83","0,20","0,52",,"35,57","42,93",
Haemulon steindachneri,hae_ste,"0,0197","3,06","15,85","0,36","1,95","3,5","0,37",0,3,vmob,medg,,,90,0,0,0,1,0,0,1,1,0,0,0,0,0,0,0,0,"Estrada, M. (1986). Hábitos alimentarios de los peces del género Haemulon (Pisces: Haemulidae) de los arrecifes de la región de Santa Marta, Colombia. Boletín de Investigaciones Marinas y Costeras.",,,0,3,benthic_diurnal,,"0,94","0,86","0,31","0,31",,"17,18","22,88",
Apogon spp.,apo_sp,"0,02","2,94","6,54","0,35","1,09","3,4","0,45",1,2,sed,sol,,,14,1,0,0,0,0,0,1,0,0,0,0,0,0,0,0,0,From A. americanus,,,0,2,nocturnal,,"0,94","0,78","0,27","0,29",,"5,00","8,00",Guess
Lutjanus jocu,lut_joc,"0,02537","3,01","52,7","0,37","1,39",4,"0,58",0,3,mob,smallg,,,120,0,0,1,1,0,1,0,0,0,0,0,0,0,0,0,0,"Randall, J. E. (1967). Food habits of reef fishes of the West Indies.",,,0,3,nocturnal,Lutjanidae,"0,95","0,84","0,29","0,31",,"37,54","53,25",
Calamus calamus,cal_cal,"0,39753","2,88",25,"0,41","3,01","3,01","0,2",0,4,mob,sol,,,218,0,0,0,1,1,0,1,1,0,0,0,0,0,0,0,0,"Randall, J. E. (1967). Food habits of reef fishes of the West Indies.",,,0,3,benthic_diurnal,,"0,95","0,86","0,22","0,42",,"25,00","35,00",Guess
Orthopristis ruber,ort_rub,"0,016338571428571","2,97","8,2","0,38","2,1","3,6","0,53",0,4,mob,medg,,,149,0,0,0,1,0,1,1,1,0,0,0,0,0,0,0,0,"de Aguiar, J. B. S., & Filomeno, M. J. B. (1995). Hábitos alimentares de Orthopristis ruber (CUVIER, 1830),(Osteichthyes–Haemulidae) na Lagoa de Conceição–SC, Brasil. Biotemas, 8(2), 41-49.",,,0,3,nocturnal,Haemulidae,"0,95","0,85","0,27","0,33",,"10,96","14,97",
Acanthurus chirurgus,aca_chi,"0,025907142857143","2,91","18,5","0,52","1,87",2,"0,01",0,5,mob,medg,,,5,0,0,0,0,0,0,0,0,0,0,0,1,1,1,1,1,"Dias, T. L., Rosa, I. L., & Feitoza, B. M. (2001). Food resource and habitat sharing by the three Western South Atlantic surgeonfishes (Teleostei: Acanthuridae: Acanthurus) off Paraíba coast, North-eastern Brazil. Aqua Journal of Ichthyology and Aquatic Biology, 5, 1-10.",,,0,3,benthic_diurnal,,"0,95","0,79","0,22","0,41",,"20,41","25,83",
Decapterus punctatus,dec_pun,"0,009296666666667","3,08","14,25","0,21","2,69","3,3","0,43",1,2,vmob,largeg,,,55,1,1,0,0,0,0,0,0,0,0,0,0,0,0,0,0,"Randall, J. E. (1967). Food habits of reef fishes of the West Indies.",,,0,5,pelagic,,"0,95","0,89","0,23","0,18",,"15,00","30,00",Part_Guess
Serranus phoebe,ser_pho,"0,01867","2,81",15,"0,28","1,26","3,5","0,5",0,4,sed,sol,,,266,0,0,0,1,0,1,1,1,0,0,0,0,0,0,0,0,From Serranus atricauda,,,0,2,benthic_diurnal,Serranidae,"0,95","0,79","0,30","0,26",,"10,00","15,00",Guess
Rachycentron canadum,rac_can,"0,001","3,5",100,"0,17","0,99",4,"0,1",0,3,vmob,smallg,,,257,0,0,1,1,0,1,0,0,0,0,0,0,0,0,0,0,"Meyer, G. H., & Franks, J. S. (1996). Food of cobia, Rachycentron canadum, from the northcentral Gulf of Mexico. Gulf and Caribbean Research, 9(3), 161-167.",,,0,4,nocturnal,Rachycentridae,"0,95","0,84","0,20","0,14",,"80,00","120,00",Guess
Apogon pseudomaculatus,apo_pse,"0,02","2,94","11,57","0,34","0,7","3,4","0,45",1,2,sed,sol,,,15,1,0,0,0,0,0,1,0,0,0,0,0,0,0,0,0,From A. americanus,,,0,2,nocturnal,,"0,96","0,77","0,30","0,27",,"5,23","9,82",
Bodianus insularis,bod_ins,"0,0187","3,12","22,09","0,36","1,46","3,6","0,48",0,2,mob,sol,,,20,0,0,0,1,1,0,0,0,0,0,0,0,0,0,0,0,From B. pulchellus,,,0,3,benthic_diurnal,,"0,96","0,83","0,20","0,30",,"23,05","30,07",
Mycteroperca venenosa,myc_ven,"0,016104","3,03","71,67","0,35","1,33","4,5","0,8",0,1,mob,sol,,,138,0,0,0,0,0,1,0,0,0,0,0,0,0,0,0,0,"Randall, J. E. (1967). Food habits of reef fishes of the West Indies.",,,0,3,benthic_diurnal,Serranidae,"0,96","0,78","0,29","0,27",,"75,00","106,56",
Melichthys niger,mel_nig,"0,0439","2,8","23,99","0,48","2,28","2,7","0,3",0,9,vmob,medg,,,127,1,0,0,1,0,0,1,1,0,1,0,0,1,1,1,0,"Randall, J. E. (1967). Food habits of reef fishes of the West Indies.",,,0,4,benthic_diurnal,,"0,96","0,86","0,22","0,41",,"23,40","27,79",
Apogon americanus,apo_ame,"0,02","2,94","6,54","0,35","1,09","3,4","0,45",1,2,sed,sol,,,13,1,0,0,0,0,0,1,0,0,0,0,0,0,0,0,0,"Randall, J. E. (1967). Food habits of reef fishes of the West Indies.",,,0,2,nocturnal,,"0,97","0,80","0,28","0,28",,"6,73","8,87",
Lutjanus synagris,lut_syn,"0,0898","2,63","20,33","0,38","1,46","3,8","0,2",0,3,mob,smallg,,,245,0,0,1,1,0,1,0,0,0,0,0,0,0,0,0,0,"Pimentel, C. R., & Joyeux, J. C. (2010). Diet and food partitioning between juveniles of mutton Lutjanus analis, dog Lutjanus jocu and lane Lutjanus synagris snappers (Perciformes: Lutjanidae) in a mangrove‐fringed estuarine environment. Journal of Fish Biology, 76(10), 2299-2317.","Duarte, L. O., & Garcia, C. B. (1999). Diet of the lane snapper, Lutjanus synagris (Lutjanidae), in the Gulf of Salamanca, Colombia. Caribbean Journal of Science, 35, 54-63.",,0,3,nocturnal,Lutjanidae,"0,97","0,83","0,29","0,35",,"19,93","23,54",
Strongylura timucu,str_tim,"0,002625","3,06","32,44","0,05","0,48","4,5","0,8",0,2,mob,smallg,,,200,0,0,0,1,0,1,0,0,0,0,0,0,0,0,0,0,"Medeiros, A. P. M. D., Xavier, J. H. D. A., & Rosa, I. M. D. L. (2017). Diet and trophic organization of the fish assemblage from the Mamanguape River Estuary, Brazil. Latin american journal of aquatic research, 45(5), 879-890.",,,0,4,pelagic,Belonidae,"0,97","0,96","0,34","0,05",,"35,63","37,34",
Mycteroperca interstitialis,myc_int,"0,011266666666667","3,17","63,53","0,32","1,28","4,5","0,8",0,1,mob,sol,,,137,0,0,0,0,0,1,0,0,0,0,0,0,0,0,0,0,"Randall, J. E. (1967). Food habits of reef fishes of the West Indies.",,,0,3,benthic_diurnal,Serranidae,"0,97","0,77","0,28","0,25",,"26,04","36,73",
Platybelone argalus argalus,pla_arg,"0,00143",3,"26,13","0,36","1,63","4,5","0,8",0,1,vmob,smallg,,,157,0,0,0,0,0,1,0,0,0,0,0,0,0,0,0,0,"Randall, J. E. (1967). Food habits of reef fishes of the West Indies.",,,0,4,pelagic,Belonidae,"0,97","0,94","0,36","0,05",,"26,17","33,13",
Strongylura marina,str_mar,"0,0023","2,97","22,6","0,07","1,34","3,8","0,59",0,2,mob,smallg,,,199,0,0,0,1,0,1,0,0,0,0,0,0,0,0,0,0,"Medeiros, A. P. M. D., Xavier, J. H. D. A., & Rosa, I. M. D. L. (2017). Diet and trophic organization of the fish assemblage from the Mamanguape River Estuary, Brazil. Latin american journal of aquatic research, 45(5), 879-890.",,,0,4,pelagic,Belonidae,"0,97","0,92","0,34","0,06",,"35,00","40,00",Guess
Mycteroperca microlepis,myc_mic,"0,0113","3,05","34,17","0,35","1,43","3,7","0,4",0,3,mob,sol,,,247,0,0,1,1,0,1,0,0,0,0,0,0,0,0,0,0,"Mullaney Jr, M. D. (1994). Ontogenetic shifts in the diet of Gag, Mycteroperca microlepis (Goode and Bean),(Pisces, Serranidae).",,,0,3,benthic_diurnal,Serranidae,"0,98","0,80","0,30","0,27",,"34,17","42,03",
Epinephelus morio,epi_mor,"0,0314","2,9","48,88","0,35","1,19","3,6","0,71",0,3,mob,sol,,,77,0,0,1,1,0,1,0,0,0,0,0,0,0,0,0,0,"Randall, J. E. (1967). Food habits of reef fishes of the West Indies.",,,0,3,benthic_diurnal,Serranidae,"0,98","0,80","0,34","0,28",,"30,19","57,32",
Aluterus monoceros,alu_mon,"0,0264","2,86",16,"0,39","1,54","3,5","0,4",0,10,vmob,sol,,,8,0,0,0,1,1,0,1,1,1,1,0,1,1,1,1,0,From A. scriptus,,,0,3,benthic_diurnal,,"0,98","0,85","0,25","0,33",,"35,00","50,00",Guess
Serranus flaviventris,ser_fla,"0,0085","3,43","6,02","0,35","1,28","3,3","0,4",0,3,sed,sol,,,176,0,0,0,1,0,1,1,0,0,0,0,0,0,0,0,0,"From S. tigrinus; Randall, J. E. (1967). Food habits of reef fishes of the West Indies",,,0,2,benthic_diurnal,Serranidae,"0,99","0,80","0,34","0,28",,"7,00","10,22",
Canthidermis sufflamen,can_suf,"0,08235","2,69","42,55","0,49","2,6","3,5","0,47",0,3,vmob,medg,,,28,1,0,0,0,1,0,1,0,0,0,0,0,0,0,0,0,"Randall, J. E. (1967). Food habits of reef fishes of the West Indies.",,,0,5,benthic_diurnal,,"0,99","0,86","0,24","0,42",,"40,71","45,83",
Dermatolepis inermis,der_ine,"0,0102","3,26","47,5","0,41","1,31","4,5","0,8",0,3,mob,sol,,,56,0,0,1,1,0,1,0,0,0,0,0,0,0,0,0,0,,,,0,3,benthic_diurnal,Serranidae,"0,99","0,79","0,32","0,32",,"33,21","51,74",
Serranus atricauda,ser_atr,"0,01867","2,81","8,08","0,32","1,75","4,3","0,6",0,4,sed,sol,,,263,0,0,0,1,0,1,1,1,0,0,0,0,0,0,0,0,"Morato, T., Santos, R. S., & Andrade, J. P. (2000). Feeding habits, seasonal and ontogenetic diet shift of blacktail comber, Serranus atricauda (Pisces: Serranidae), from the Azores, north-eastern Atlantic. Fisheries Research, 49(1), 51-59.",,,0,2,benthic_diurnal,Serranidae,"0,99","0,85","0,31","0,26",,"8,08","14,23",
Mycteroperca bonaci,myc_bon,"0,033643333333333","3,03","42,5","0,32","1,52","4,5","0,8",0,3,mob,sol,,,136,0,0,1,1,0,1,0,0,0,0,0,0,0,0,0,0,"Brulé, T., Puerto-Novelo, E., Pérez-Díaz, E., & Renán-Galindo, X. (2005). Diet composition of juvenile black grouper (Mycteroperca bonaci) from coastal nursery areas of the Yucatan Peninsula, Mexico. Bulletin of Marine Science, 77(3), 441-452.",,,0,3,benthic_diurnal,Serranidae,"0,99","0,84","0,28","0,27",,"33,35","46,97",
Elacatinus phthirophagus,ela_pht,"0,00891","3,08","2,74","0,19","1,15","3,4","0,3",0,2,sed,smallg,,,65,1,0,0,0,0,0,1,0,0,0,0,0,0,0,0,0,From Elacatinus figaro,,,0,1,benthic_diurnal,Gobidae,"1,00","0,90","0,26","0,18",,"3,21","4,53",
Coryphopterus sp,cor_sp,"0,01298","2,89","3,97","0,36","1,63","2,7","0,4",0,7,sed,smallg,,,49,1,0,0,0,0,0,1,1,0,0,0,0,1,1,1,1,From Coryphopterus glaucofraenum,,,0,1,benthic_diurnal,Gobidae,"1,00","0,80","0,20","0,16",,"3,75","5,14",
Coryphopterus thrix,cor_thr,"0,00589","3,1","4,17","0,16","0,67","2,7","0,4",0,7,sed,smallg,,,50,1,0,0,0,0,0,1,1,0,0,0,0,1,1,1,1,From Coryphopterus glaucofraenum,,,0,1,benthic_diurnal,Gobidae,"1,00","0,80","0,21","0,16",,"3,85","5,61",
Emblemariopsis signifer,emb_sig,"0,00457","3,08","3,06","0,36","1,63","3,3","0,5",0,2,sed,sol,,,68,1,0,0,0,0,0,1,0,0,0,0,0,0,0,0,0,"Clarke, R. D. (1999). Diets and metabolic rates of four Caribbean tube blennies, genus Acanthemblemaria (Teleostei: Chaenopsidae). Bulletin of Marine Science, 65(1), 185-199.",,,0,1,benthic_diurnal,,"1,00","0,84","0,22","0,14",,"3,98","4,18",
Starksia brasiliensis,sta_bra,"0,0049","3,09","1,68","0,2","1,57","3,4","0,4",0,1,sed,sol,,,192,0,0,0,0,0,0,1,0,0,0,0,0,0,0,0,0,"From Labrisomus (Gobioclinus) guppyi; Randall, J. E. (1967). Food habits of reef fishes of the West Indies.",,,0,1,benthic_diurnal,,"1,00","0,87","0,22","0,18",,"4,00","6,00",Part_Guess
Enneanectes altivelis,enn_alt,"0,005","3,08",4,"0,23","1,04","2,7","0,3",0,2,sed,sol,,,72,1,0,0,0,0,0,1,0,0,0,0,0,0,0,0,0,"Brandl, S. J., Casey, J. M., & Meyer, C. P. (2020). Dietary and habitat niche partitioning in congeneric cryptobenthic reef fish species. Coral Reefs, 39(2), 305-317.",,,0,1,benthic_diurnal,,"1,00","0,91","0,27","0,21",,"4,00","6,00",Part_Guess
Elacatinus pridisi,ela_pri,"0,00589","3,1","2,6","0,19","1,15","3,4","0,3",0,2,sed,sol,,,66,1,0,0,0,0,0,1,0,0,0,0,0,0,0,0,0,From Elacatinus figaro,,,0,1,benthic_diurnal,Gobidae,"1,00","0,87","0,21","0,16",,"4,07","4,56",
Entomacrodus vomerinus,ent_vom,"0,00741",3,"5,4","0,23","0,63",2,0,0,5,sed,sol,,,74,1,0,0,0,0,0,0,0,0,0,0,0,1,1,1,1,"Kotrschal, K., & Thomson, D. A. (1986). Feeding patterns in eastern tropical Pacific blennioid fishes (Teleostei: Tripterygiidae, Labrisomidae, Chaenopsidae, Blenniidae). Oecologia, 70(3), 367-378.",,,0,1,benthic_diurnal,,"1,00","0,85","0,23","0,20",,"4,17","5,16",
Gnatholepis thompsoni,gna_tho,"0,00351","3,77","5,76","0,24","0,58","2,8","0,25",0,6,sed,smallg,,,81,1,0,0,0,0,0,1,0,0,0,0,0,1,1,1,1,"Kramer, A., Van Tassell, J. L., & Patzner, R. A. (2009). Dentition, diet and behaviour of six gobiid species (Gobiidae) in the Caribbean Sea. Cybium, 33(2), 107-121.",,,0,1,benthic_diurnal,,"1,00","0,78","0,23","0,19",,"4,20","4,70",
Hypleurochilus fissicornis,hyp_fis,"0,018","2,94","4,16","0,2","0,82","3,3","0,53",0,5,sed,sol,,,107,1,0,0,0,0,0,1,0,0,1,0,0,1,1,0,0,"Possamai, B., & Fávaro, L. F. (2019). Seasonal and ontogenetic changes in the diet of blenny Hypleurochilus fissicornis: An estuarine mariculture as a model of the reef environment. Marine Ecology, 40(2), e12542.",,,0,1,benthic_diurnal,,"1,00","0,86","0,17","0,17",,"4,85","5,94",
Callionymus bairdi,cal_bai,"0,014","2,71",5,"0,17","0,47","3,2","0,4",1,2,sed,sol,,,217,1,0,0,0,0,0,1,0,0,0,0,0,0,0,0,0,"Sanchez-Velasco, L. (1998). Diet composition and feeding habits of fish larvae of two co-occurring species (Pisces: Callionymidae and Bothidae) in the North-western Mediterranean. ICES Journal of Marine Science, 55(2), 299-308.",,,0,1,benthic_diurnal,,"1,00","0,83","0,19","0,08",,"5,00","7,00",Part_Guess
Bathygobius soporator,bat_sop,"0,01437486",3,5,"0,25","0,59","3,7","0,55",0,2,sed,smallg,,,216,0,0,0,0,0,0,1,1,0,0,0,0,0,0,0,0,"Emmanuel, O. L., & Ajibola, E. T. (2010). Food and feeding habits and reproduction in frillfin goby, Bathygobius soporator (Cuvier and Valenciennes, 1837) in the Badagry Creek, Lagos, Nigeria. International Journal of Biodiversity and Conservation, 2(12), 414-421.",,,0,1,benthic_diurnal,,"1,00","0,85","0,26","0,18",,"5,00","7,00",Part_Guess
Hypsoblennius invemar,hyp_inv,"0,014905494","3,02",5,"0,24","1,19","2,9","0,2",0,4,sed,sol,,,242,0,0,0,0,0,0,1,0,0,0,0,0,1,0,1,1,"From Hypsoblennius ionanthas; Clarke, D. G. (1981). Aspects of resource utilization in the freckled blenny, hypsoblennius ionthas (teleostei: blenniidae), on oyster reef substrate.",,,0,1,benthic_diurnal,,"1,00","0,84","0,20","0,22",,"5,00","7,00",Part_Guess
Centropyge aurantonotus,cen_aur,"0,003311","2,88",5,"0,45","1,22","2,5","0,01",0,4,sed,sol,,,36,0,0,0,0,0,0,0,0,0,0,1,0,1,1,1,0,"From Centropyge fischeri; Randall, J. E. (1967). Food habits of reef fishes of the West Indies.",,,0,2,benthic_diurnal,,"1,00","0,86","0,26","0,39",,"5,00","7,00",Part_Guess
Ctenogobius saepepallens,cte_sae,"0,00724","3,01","15,58","0,17","0,43","3,4","0,42",0,5,sed,sol,,,52,1,0,0,0,0,0,0,0,0,0,0,0,1,1,1,1,"Randall, J. E. (1967). Food habits of reef fishes of the West Indies.",,,0,1,benthic_diurnal,Gobidae,"1,00","0,78","0,23","0,14",,"5,00","7,00",Part_Guess
Doratonotus megalepis,dor_meg,"0,0292","2,86","5,25","0,29","1,29","3,3","0,4",0,1,mob,sol,,,61,0,0,0,0,0,0,1,0,0,0,0,0,0,0,0,0,,,,0,2,benthic_diurnal,,"1,00","0,86","0,25","0,25",,"5,07","7,00",Part_Guess
Coryphopterus glaucofraenum,cor_gla,"0,01298","2,89","5,46","0,21","0,67","2,7","0,4",0,7,sed,smallg,,,48,1,0,0,0,0,0,1,1,0,0,0,0,1,1,1,1,"Randall, J. E. (1967). Food habits of reef fishes of the West Indies.",,,0,1,benthic_diurnal,,"1,00","0,80","0,21","0,16",,"5,12","6,21",
Rypticus bistrispinus,ryp_bis,"0,001417552","3,55","5,18","0,31","0,94","3,7","0,6",0,3,sed,sol,,,258,0,0,1,1,0,1,0,0,0,0,0,0,0,0,0,0,From Rypticus saponaceus,,,0,3,benthic_diurnal,Serranidae,"1,00","0,80","0,30","0,28",,"5,16","5,82",
Scartella cristata,sca_cri,"0,01811","2,84","6,05","0,24","0,74","3,2","0,38",0,7,sed,sol,,,169,0,0,0,0,0,0,1,1,1,0,0,1,1,1,1,0,"Mendes, T. C., Villaça, R. C., & Ferreira, C. E. L. (2009). Diet and trophic plasticity of an herbivorous blenny Scartella cristata of subtropical rocky shores. Journal of Fish Biology, 75(7), 1816-1830.",,,0,1,benthic_diurnal,,"1,00","0,87","0,19","0,21",,"5,22","7,01",
Malacoctenus delalandi,mal_del,"0,01","2,9","4,44","0,25",1,"3,4","0,49",0,2,sed,sol,,,123,1,0,0,0,0,0,1,0,0,0,0,0,0,0,0,0,"Pereira, P. H. C. (2007). Dieta e comportamento alimentar de Malacostenus delandii (perciformes: Labrisomidae) na praia da Fortaleza, município de Ubatuba, SP.",,,0,1,benthic_diurnal,,"1,00","0,82","0,24","0,20",,"5,68","7,68",
Serranus baldwini,ser_bal,"0,0129","3,04","5,04","0,33","1,08","4,1","0,7",0,3,sed,sol,,,175,0,0,0,1,0,1,1,0,0,0,0,0,0,0,0,0,"From S. tigrinus; Randall, J. E. (1967). Food habits of reef fishes of the West Indies",,,0,2,benthic_diurnal,Serranidae,"1,00","0,76","0,31","0,25",,"5,77","7,36",
Gobioclinus kalisherae,gob_kal,"0,0049","3,09","6,42","0,23","0,91","3,9","0,1",0,2,sed,sol,,,82,1,0,0,0,0,0,1,0,0,0,0,0,0,0,0,0,"Randall, J. E. (1967). Food habits of reef fishes of the West Indies.",,,0,1,benthic_diurnal,,"1,00","0,83","0,26","0,19",,"5,85","8,00",Part_Guess
Labrisomus cricota,lab_cri,"0,00955","3,04",12,"0,28","1,68","3,4","0,2",0,3,sed,sol,,,115,1,0,0,0,0,0,1,1,0,0,0,0,0,0,0,0,"Randall, J. E. (1967). Food habits of reef fishes of the West Indies.",,,0,1,benthic_diurnal,,"1,00","0,84","0,27","0,24",,"6,00","8,50",
Parablennius pilicornis,par_pil,"0,01","3,01","5,15","0,24","1,4","3,2","0,4",0,6,sed,sol,,,151,0,0,0,0,0,0,1,0,0,0,0,1,1,1,1,1,From P. marmoreus,,,0,1,benthic_diurnal,,"1,00","0,86","0,22","0,21",,"6,08","8,83",
Canthigaster figueiredoi,can_fig,"0,028","2,94","8,33","0,43","1,33","3,1","0,36",0,7,mob,pair,,,29,0,0,0,1,1,0,1,1,0,0,1,0,1,0,1,0,"From Canthigaster rostrata; Randall, J. E. (1967). Food habits of reef fishes of the West Indies.",,,0,3,benthic_diurnal,,"1,00","0,79","0,28","0,34",,"7,08","10,33",
Halichoeres maculipinna,hal_mac,"0,00276","3,69","7,33","0,25","1,11","3,5","0,37",0,3,mob,sol,,,93,1,0,0,0,0,0,1,1,0,0,0,0,0,0,0,0,"Clifton, K. B., & Motta, P. J. (1998). Feeding morphology, diet, and ecomorphological relationships among five Caribbean labrids (Teleostei, Labridae). Copeia, 953-966.",,,0,3,benthic_diurnal,,"1,00","0,89","0,26","0,22",,"7,14","10,30",
Sparisoma radians,spa_rad,"0,0179","3,03","6,57","0,36","1,12",2,0,0,4,mob,smallg,,,180,0,0,0,0,0,0,0,0,0,0,0,0,1,1,1,1,"Dromard, C. R., Vaslet, A., Gautier, F., Bouchon-Navaro, Y., Harmelin-Vivien, M., & Bouchon, C. (2017). Resource use by three juvenile scarids (Cryptotomus roseus, Scarus iseri, Sparisoma radians) in Caribbean seagrass beds. Aquatic Botany, 136, 1-8.",,,0,3,benthic_diurnal,,"1,00","0,82","0,29","0,30",,"7,24","10,81",
Amblycirrhitus pinos,amb_pin,"0,00257","3,43","5,41","0,42","1,25","3,5","0,37",0,2,sed,sol,,,10,1,0,0,0,0,0,1,0,0,0,0,0,0,0,0,0,"Randall, J. E. (1967). Food habits of reef fishes of the West Indies.",,,0,2,benthic_diurnal,,"1,00","0,80","0,30","0,34",,"7,40","9,97",
Paraclinus spectator,par_spe,"0,00955","3,04","2,71","0,2","1,69","3,5","0,4",1,2,sed,sol,,,152,1,0,0,0,0,0,1,0,0,0,0,0,0,0,0,0,"From P. fasciatus; Stoner, A. W., & Livingston, R. J. (1980). Distributional ecology and food habits of the banded blenny Paraclinus fasciatus (Clinidae): a resident in a mobile habitat. Marine Biology, 56(3), 239-246.",,,0,1,benthic_diurnal,,"1,00","0,81","0,24","0,16",,"7,50","10,00",Part_Guess
Xyrichtys novacula,xyr_nov,"0,055333333333333","2,54","7,5","0,36","1,37","3,4","0,51",0,4,mob,sol,,,205,0,0,0,1,0,0,1,1,1,0,0,0,0,0,0,0,"Randall, J. E. (1967). Food habits of reef fishes of the West Indies.",,,0,2,benthic_diurnal,,"1,00","0,86","0,21","0,31",,"7,50","10,00",Part_Guess
Equetus lanceolatus,equ_lan,"0,0095","3,16","7,92","0,37","1,2","3,4","0,4",0,2,sed,smallg,,,232,0,0,0,1,0,0,1,0,0,0,0,0,0,0,0,0,"Randall, J. E. (1967). Food habits of reef fishes of the West Indies.",,,0,3,nocturnal,,"1,00","0,80","0,21","0,31",,"7,92","19,06",
Cryptotomus roseus,cry_ros,"0,0078","3,28","6,66","0,23","1,11",2,0,0,5,mob,smallg,,,51,0,0,0,0,0,0,1,0,0,0,0,0,1,1,1,1,"Dromard, C. R., Vaslet, A., Gautier, F., Bouchon-Navaro, Y., Harmelin-Vivien, M., & Bouchon, C. (2017). Resource use by three juvenile scarids (Cryptotomus roseus, Scarus iseri, Sparisoma radians) in Caribbean seagrass beds. Aquatic Botany, 136, 1-8.",,,0,3,benthic_diurnal,,"1,00","0,88","0,28","0,20",,"7,92","9,42",
Sphoeroides spengleri,sph_spe,"0,05434","2,77","7,77","0,33","1,97","3,5","0,44",0,8,mob,sol,,,186,0,0,0,1,1,0,1,1,1,0,0,0,1,1,1,0,"Randall, J. E. (1967). Food habits of reef fishes of the West Indies.",,,0,3,benthic_diurnal,,"1,00","0,86","0,24","0,28",,"8,54","13,35",
Prognathodes brasiliensis,pro_bra,"0,02188","3,01","10,07","0,54","2,57","3,4","0,3",0,2,sed,sol,,,160,0,0,0,0,1,0,1,0,0,0,0,0,0,0,0,0,"From Prognathodes aculeatus; Randall, J. E. (1967). Food habits of reef fishes of the West Indies.","Birkeland, C., & Neudecker, S. (1981). Foraging behavior of two Caribbean chaetodontids: Chaetodon capistratus and C. aculeatus. Copeia, 169-178.",,0,3,benthic_diurnal,,"1,00","0,85","0,33","0,46",,"8,92","12,51",
Chaetodon sedentarius,cha_sed,"0,0251352","3,08","9,44","0,69","2,11","3,9","0,4",0,3,sed,pair,,,222,0,0,0,0,0,0,1,0,1,1,0,0,0,0,0,0,"Randall, J. E. (1967). Food habits of reef fishes of the West Indies.",,,0,3,benthic_diurnal,,"1,00","0,85","0,24","0,51",,"9,44","15,20",
Sparisoma tuiupiranga,spa_tui,"0,0239","3,1","8,21","0,42","1,18",2,0,0,4,mob,smallg,,Fishbase,182,0,0,0,0,0,0,0,0,0,0,0,0,1,1,1,1,From Sparisoma radians,,,0,3,benthic_diurnal,,"1,00","0,83","0,25","0,34",,"9,72","12,89",
Pareques acuminatus,par_acu,"0,00871","3,2","7,74","0,35","1,25","3,5","0,37",0,3,sed,smallg,,,154,1,0,0,0,0,0,1,1,0,0,0,0,0,0,0,0,"From synonymous Equetus acuminatus; Randall, J. E. (1967). Food habits of reef fishes of the West Indies.",,,0,3,benthic_diurnal,,"1,00","0,84","0,25","0,30",,"9,91","14,14",
Prognathodes guyanensis,pro_guy,"0,040397085","2,83",15,"0,59","3,09","2,9","0,27",0,2,sed,pair,,,255,0,0,0,0,1,0,1,0,0,0,0,0,0,0,0,0,"From Prognathodes aculeatus; Randall, J. E. (1967). Food habits of reef fishes of the West Indies.","Birkeland, C., & Neudecker, S. (1981). Foraging behavior of two Caribbean chaetodontids: Chaetodon capistratus and C. aculeatus. Copeia, 169-178.",,0,2,benthic_diurnal,,"1,00","0,86","0,28","0,51",,"10,00","13,60",
Hippocampus reidi,hip_rei,"0,00447",3,"7,14","0,12","0,17","3,4","0,5",1,2,sed,sol,,,101,1,0,0,0,0,0,1,0,0,0,0,0,0,0,0,0,"Randall, J. E. (1967). Food habits of reef fishes of the West Indies.",,,0,1,benthic_diurnal,,"1,00","1,00","0,21","0,12",,"10,50","15,00",Part_Guess
Dules auriga,dul_aur,"0,0098825","3,2","7,54","0,36","1,2","3,7","0,5",0,2,sed,sol,,,62,1,0,0,0,0,0,1,0,0,0,0,0,0,0,0,0,,,,0,3,benthic_diurnal,,"1,00","0,84","0,29","0,30",,"10,62","14,79",
Chaetodon ocellatus,cha_oce,"0,0318","2,98","11,68","0,75","2,56","3,5","0,37",0,3,sed,pair,,,40,0,0,0,0,0,0,1,0,1,1,0,0,0,0,0,0,"Ferreira, I. C. P. (2018). Ecologia trófica do peixe-borboleta Chaetodon ocellatus no Atol das Rocas.",,,0,3,benthic_diurnal,,"1,00","0,85","0,33","0,64",,"10,63","14,86",
Prognathodes obliquus,pro_obl,"0,02188","3,01","10,67","0,63","2,75","3,4","0,3",0,3,sed,sol,,,161,0,0,0,0,0,0,1,0,1,1,0,0,0,0,0,0,"Nunes, L. T., Cord, I., Francini-Filho, R. B., Stampar, S. N., Pinheiro, H. T., Rocha, L. A., ... & Ferreira, C. E. (2019). Ecology of Prognathodes obliquus, a butterflyfish endemic to mesophotic ecosystems of St. Peter and St. Paul’s Archipelago. Coral Reefs, 38(5), 955-960.",,,0,3,benthic_diurnal,,"1,00","0,87","0,36","0,55",,"10,67","17,24",
Chaetodon striatus,cha_str,"0,0256","3,06","9,34","0,68","2,56",3,"0,25",0,3,sed,pair,,,41,0,0,0,0,0,0,1,0,1,1,0,0,0,0,0,0,"Liedke, A. M., Barneche, D. R., Ferreira, C. E., Segal, B., Nunes, L. T., Burigo, A. P., ... & Floeter, S. R. (2016). Abundance, diet, foraging and nutritional condition of the banded butterflyfish (Chaetodon striatus) along the western Atlantic. Marine biology, 163(1), 6.",,,0,3,benthic_diurnal,,"1,00","0,83","0,23","0,56",,"11,14","14,61",
Sphoeroides testudineus,sph_tes,"0,03574","2,91","32,09","0,35","1,42","3,4","0,48",0,5,mob,sol,,,187,0,0,0,1,1,0,1,1,1,0,0,0,0,0,0,0,"da Silva Lima, C. S., Clark, F. J. K., Sales, N. S., & Pessanha, A. (2018). Strategies of resource partitioning between two sympatric puffer fishes in a tropical hypersaline estuary, Brazil. Environmental Biology of Fishes, 101(7), 1105-1119.",,,0,3,benthic_diurnal,,"1,00","0,83","0,30","0,29",,"11,25","15,35",
Prognathodes marcellae,pro_mar,"0,040397085","2,83","11,61","0,54","2,46","3,3","0,3",0,2,sed,pair,,,256,0,0,0,0,1,0,1,0,0,0,0,0,0,0,0,0,"From Prognathodes aculeatus; Randall, J. E. (1967). Food habits of reef fishes of the West Indies.","Birkeland, C., & Neudecker, S. (1981). Foraging behavior of two Caribbean chaetodontids: Chaetodon capistratus and C. aculeatus. Copeia, 169-178.",,0,2,benthic_diurnal,,"1,00","0,85","0,33","0,53",,"11,35","10,52",
Halichoeres poeyi,hal_poe,"0,011126666666667","3,08","15,93","0,27","1,48","3,7","0,2",0,4,mob,sol,,,95,0,0,0,1,1,0,1,1,0,0,0,0,0,0,0,0,"Nunes, J. D., Sampaio, C., & Barros, F. (2013). How wave exposure, group size and habitat complexity influence foraging and population densities in fishes of the genus Halichoeres (Perciformes: Labridae) on tropical rocky shores. Marine Biology, 160(9).",,,0,3,benthic_diurnal,,"1,00","0,84","0,23","0,23",,"12,04","16,84",
Labrisomus nuchipinnis,lab_nuc,"0,0084","3,2","8,4","0,3","0,83","3,5","0,59",0,4,sed,sol,,,116,1,0,0,1,0,0,1,1,0,0,0,0,0,0,0,0,"Randall, J. E. (1967). Food habits of reef fishes of the West Indies.",,,0,1,benthic_diurnal,,"1,00","0,86","0,25","0,26",,"12,29","15,84",
Nicholsina usta,nic_ust,"0,01096","3,08","10,57","0,32","1,08",2,0,0,6,mob,sol,,,142,1,0,0,0,0,0,1,0,0,0,0,1,1,1,1,0,From Sparisoma radians,,,0,3,benthic_diurnal,,"1,00","0,85","0,22","0,27",,"12,70","18,00",
Hyporthodus niveatus,hyp_niv,"0,033342","2,89","6,44","0,37","1,26",4,"0,58",0,3,mob,sol,,,108,0,0,1,1,0,1,0,0,0,0,0,0,0,0,0,0,"Spanik, K. R. (2018). Improving Diet Resolution for Reef-Associated Large Piscivorous Predators in the US Southeast Atlantic Using Molecular Tools. College of Charleston.",,,0,3,benthic_diurnal,Serranidae,"1,00","0,81","0,34","0,30",,"13,51","19,18",
Microspathodon chrysurus,mic_chr,"0,0239","3,08","13,9","0,51","1,09",2,0,0,6,sed,sol,,,129,1,0,0,0,0,0,0,0,1,1,1,0,1,0,1,0,"Ciardelli, A. (1967). The anatomy of the feeding mechanism and the food habits of Microspathodon chrysurus (Pisces: Pomacentridae). Bulletin of Marine Science, 17(4), 845-883.",,,0,2,benthic_diurnal,,"1,00","0,81","0,26","0,41",,"14,12","20,21",
Bothus ocellatus,bot_oce,"0,00981","3,19","6,45","0,6","1,04","3,5","0,37",0,3,mob,sol,,,24,0,0,0,1,0,1,0,0,1,0,0,0,0,0,0,0,"Randall, J. E. (1967). Food habits of reef fishes of the West Indies.",,,0,1,benthic_diurnal,Bothidae,"1,00","0,86","0,20","0,52",,"14,12","16,13",
Halichoeres dimidiatus,hal_dim,"0,0107","3,2","12,73","0,28","0,86","3,6","0,5",0,4,mob,sol,,,92,0,0,0,1,1,0,1,1,0,0,0,0,0,0,0,0,From Halichoeres poeyi,,,0,3,benthic_diurnal,,"1,00","0,87","0,18","0,24",,"15,02","19,76",
Odontoscion dentex,odo_den,"0,0105","3,01","11,86","0,33","1,26","3,5","0,3",0,3,sed,smallg,,,144,1,0,0,0,0,1,1,0,0,0,0,0,0,0,0,0,"Randall, J. E. (1967). Food habits of reef fishes of the West Indies.",,,0,3,nocturnal,Sciaenidae,"1,00","0,85","0,26","0,28",,"16,17","22,55",
Cantherhines pullus,can_pul,"0,0684","2,56","18,34","0,49","2,02","2,9","0,17",0,8,mob,sol,,,26,0,0,0,0,0,0,1,1,1,1,1,0,1,1,1,0,"Randall, J. E. (1967). Food habits of reef fishes of the West Indies.",,,0,3,benthic_diurnal,,"1,00","0,86","0,26","0,42",,"16,66","19,33",
Porichthys porosissimus,por_por,"0,00382","3,33","16,67","0,23","0,99","3,7","0,59",0,4,sed,sol,,,254,0,0,0,1,1,0,1,1,0,0,0,0,0,0,0,0,"From Porichthys nonatus; Cogliati, K. M., Danukarjanto, C., Pereira, A. C., Lau, M. J., Hassan, A., Mistakidis, A. F., ... & Balshine, S. (2015). Diet and cannibalism in plainfin midshipman Porichthys notatus. Journal of Fish Biology, 86(4), 1396-1415.",,,0,1,benthic_diurnal,,"1,00","0,91","0,25","0,19",,"16,67","22,03",
Halichoeres radiatus,hal_rad,"0,0131","3,04","19,6","0,34","1,5","3,5","0,37",0,4,mob,sol,,,96,0,0,0,1,1,0,1,1,0,0,0,0,0,0,0,0,"Randall, J. E. (1967). Food habits of reef fishes of the West Indies.",,,0,3,benthic_diurnal,,"1,00","0,89","0,25","0,30",,"17,72","25,64",
Stephanolepis hispidus,ste_his,"0,0290975","2,88","12,79","0,53","1,27","2,8","0,25",0,10,mob,sol,,,198,0,0,0,1,1,1,1,1,1,0,1,0,1,1,1,0,"Mancera-Rodríguez, N. J., & Castro-Hernández, J. J. (2015). Ecología trófica de Stephanolepis hispidus (Pisces: Monacanthidae), en el área de las Islas Canarias. Revista de biología marina y oceanografía, 50(2), 221-234.",,,0,3,benthic_diurnal,Balistidae,"1,00","0,81","0,24","0,43",,"18,03","22,73",
Holacanthus tricolor,hol_tri,"0,03155","2,99","19,74","0,55","1,1",3,"0,18",0,5,mob,sol,,,103,0,0,0,0,0,0,0,0,0,1,1,0,1,1,1,0,"Hourigan, T. F., Stanton, F. G., Motta, P. J., Kelley, C. D., & Carlson, B. (1989). The feeding ecology of three species of Caribbean angelfishes (family Pomacanthidae). Environmental Biology of Fishes, 24(2), 105-116.",,,0,2,benthic_diurnal,,"1,00","0,82","0,20","0,45",,"18,51","25,97",
Halichoeres brasiliensis,hal_bra,"0,014","3,13","25,93","0,29","0,77","3,7","0,3",0,4,mob,sol,,,91,0,0,0,1,1,0,1,1,0,0,0,0,0,0,0,0,"Nunes, J. D., Sampaio, C., & Barros, F. (2013). How wave exposure, group size and habitat complexity influence foraging and population densities in fishes of the genus Halichoeres (Perciformes: Labridae) on tropical rocky shores. Marine Biology, 160(9).",,,0,3,benthic_diurnal,,"1,00","0,83","0,18","0,24",,"18,59","27,04",
Bothus lunatus,bot_lun,"0,00981","3,19","21,25","0,54","1,03","4,1","0,61",0,3,sed,sol,,,23,0,0,0,1,0,1,0,0,1,0,0,0,0,0,0,0,"Randall, J. E. (1967). Food habits of reef fishes of the West Indies.",,,0,1,benthic_diurnal,Bothidae,"1,00","0,84","0,22","0,46",,"19,07","24,75",
Cephalopholis fulva,cep_ful,"0,028477777777778","2,95","24,14","0,35","1,29","4,3","0,75",0,3,mob,sol,,,37,0,0,1,1,0,1,0,0,0,0,0,0,0,0,0,0,"Gathaz, J. R., Goitein, R., Freitas, M. O., Bornatowski, H., & Moura, R. L. (2013). Diet of Cephalopholis fulva (Perciformes: Serranidae) in the Abrolhos Bank, Northeastern Brazil. Braz J Aquat. Sci Technol, 17(1), 61-63.",,,0,3,benthic_diurnal,Serranidae,"1,00","0,84","0,36","0,29",,"20,35","26,11",
Acanthistius brasilianus,aca_bra,"0,001417552","3,55","20,31","0,38","1,28323",4,"0,71",0,5,sed,sol,,,206,0,0,0,1,1,1,1,1,0,0,0,0,0,0,0,0,"Goldstein, H. E., & Cousseau, M. B. (1987). Estudios sobre el régimen alimentario del mero (Acanthistius brasilianus) y su relación con las características morfométricas del sistema digestivo (Pisces, Fam. Serranidae).","Belleggia, M., Giberto, D., & Bremec, C. (2017). Adaptation of diet in a changed environment: Increased consumption of lobster krill Munida gregaria (Fabricius, 1793) by Argentine hake. Marine Ecology, 38(4), e12445.",,0,3,benthic_diurnal,Serranidae,"1,00","0,86","0,34","0,31",,"20,63","21,95",
Alphestes afer,alp_afe,"0,001417552","3,55","21,65","0,36","1,01","3,6","0,5",0,2,sed,sol,,,210,0,0,0,1,0,1,0,0,0,0,0,0,0,0,0,0,"Randall, J. E. (1967). Food habits of reef fishes of the West Indies.",,,0,2,benthic_diurnal,Serranidae,"1,00","0,79","0,30","0,28",,"21,63","26,26",
Mycteroperca acutirostris,myc_acu,"0,01036","3,02","19,42","0,31","1,13","3,4","0,45",0,1,mob,sol,,,135,0,0,0,1,0,0,0,0,0,0,0,0,0,0,0,0,"Gibran, F. Z. (2007). Activity, habitat use, feeding behavior, and diet of four sympatric species of Serranidae (Actinopterygii: Perciformes) in southeastern Brazil. Neotropical Ichthyology, 5(3), 387-398.",,,0,3,benthic_diurnal,,"1,00","0,80","0,29","0,25",,"21,71","30,95",
Chilomycterus spinosus spinosus,chi_spi,"0,13554","2,63",23,"0,36","1,63","3,6","0,5",0,3,mob,sol,,,43,0,0,0,1,1,0,0,1,0,0,0,0,0,0,0,0,"Randall, J. E. (1967). Food habits of reef fishes of the West Indies.",,,0,3,nocturnal,,"1,00","0,89","0,30","0,43",,"21,86","27,50",
Pinguipes brasilianus,pin_bra,"0,012376914",3,"23,17","0,21","1,28","3,5","0,29",0,5,mob,sol,,,252,0,0,0,1,1,1,1,1,0,0,0,0,0,0,0,0,"Galván, D. E., Botto, F., Parma, A. M., Bandieri, L., Mohamed, N., & Iribarne, O. O. (2009). Food partitioning and spatial subsidy in shelter‐limited fishes inhabiting patchy reefs of Patagonia. Journal of Fish Biology, 75(10), 2585-2605.",,,0,2,benthic_diurnal,Pinguipedidae,"1,00","0,88","0,17","0,19",,"23,17","27,29",
Diodon holocanthus,dio_hol,"0,1421","2,69","25,44","0,51","0,79","3,3","0,43",0,3,mob,sol,,,57,0,0,0,1,1,0,0,1,0,0,0,0,0,0,0,0,"Randall, J. E. (1967). Food habits of reef fishes of the West Indies.",,,0,3,nocturnal,,"1,00","0,85","0,27","0,44",,"23,18","28,05",
Epinephelus marginatus,epi_mar,"0,009843333333333","3,12","10,96","0,34","1,51","4,1","0,8",0,2,mob,sol,,,76,0,0,0,1,0,1,0,0,0,0,0,0,0,0,0,0,"Randall, J. E. (1967). Food habits of reef fishes of the West Indies.",,,0,3,benthic_diurnal,Serranidae,"1,00","0,82","0,32","0,28",,"23,60","34,94",
Scorpaena plumieri,sco_plu,"0,0225","3,05","7,8","0,37","0,82",4,"0,61",0,2,sed,sol,,,172,0,0,0,1,0,1,0,0,0,0,0,0,0,0,0,0,"Randall, J. E. (1967). Food habits of reef fishes of the West Indies.",,,0,1,benthic_diurnal,Scorpaenidae,"1,00","0,80","0,32","0,30",,"23,92","31,19",
Rypticus saponaceus,ryp_sap,"0,01122","3,06","24,89","0,32","1,23",4,"0,61",0,3,sed,sol,,,166,0,0,1,1,0,1,0,0,0,0,0,0,0,0,0,0,"Randall, J. E. (1967). Food habits of reef fishes of the West Indies.",,,0,3,benthic_diurnal,Serranidae,"1,00","0,82","0,29","0,27",,"24,38","28,32",
Enchelycore carychroa,enc_car,"0,0012","3,06","24,75","0,05","0,46","4,1","0,7",0,2,sed,sol,,,70,0,0,1,0,0,1,0,0,0,0,0,0,0,0,0,0,From E. nigricans,,,0,2,moray,Muraenidae,"1,00","0,99","0,14","0,06",,"24,75","34,03",
Holacanthus ciliaris,hol_cil,"0,0336","2,9","27,04","0,65","0,8","3,1","0,19",0,5,mob,sol,,,102,0,0,0,0,0,0,0,0,0,1,1,0,1,1,1,0,"Reis, F., Moraes, F., Batista, D., Villaça, R., Aguiar, A., & Muricy, G. (2013). Diet of the queen angelfish Holacanthus ciliaris (Pomacanthidae) in São Pedro e São Paulo Archipelago, Brazil. Journal of the Marine Biological Association of the United Kingdom, 93(2), 453-460.",,,0,2,benthic_diurnal,,"1,00","0,77","0,22","0,50",,"24,80","29,25",
Scorpaena brasiliensis,sco_bra,"0,01318","3,01",26,"0,35","1,04","4,1","0,68",0,2,sed,sol,,,171,0,0,0,1,0,1,0,0,0,0,0,0,0,0,0,0,"Randall, J. E. (1967). Food habits of reef fishes of the West Indies.",,,0,1,benthic_diurnal,Scorpaenidae,"1,00","0,75","0,30","0,26",,"24,96","35,32",
Pomacanthus arcuatus,pom_arc,"0,03446465","2,97","25,01","0,68","2,06","3,2","0,1",0,6,mob,pair,,,253,0,0,0,0,0,0,0,0,1,1,1,0,1,1,1,0,"Randall, J. E. (1967). Food habits of reef fishes of the West Indies.",,,0,2,benthic_diurnal,,"1,00","0,82","0,23","0,59",,"25,00","31,18",
Amphichthys cryptocentrus,amp_cry,"0,00389","3,12",35,"0,26","0,96","3,8","0,1",0,1,sed,sol,,,211,0,0,0,0,0,0,0,1,0,0,0,0,0,0,0,0,"Matthews, H. R. (1968). Mollusks found in the digestive tract of the fish Amphichthys cryptocentrus (Valenciennes, 1837). Journal of Molluscan Studies, 38(3), 247-250.",,,0,1,benthic_diurnal,,"1,00","0,89","0,33","0,26",,"25,00","35,00",
Acanthostracion quadricornis,aca_qua,"0,0892225","2,59","27,5","0,38","1,37","3,8","0,32",0,8,mob,sol,,,3,0,0,0,1,1,0,1,1,1,1,1,1,0,0,0,0,"Randall, J. E. (1967). Food habits of reef fishes of the West Indies.",,,0,3,benthic_diurnal,,"1,00","0,80","0,14","0,31",,"26,09","31,55",
Enchelycore anatina,enc_ana,"0,00112","3,06",30,"0,05","0,46",4,"0,67",0,2,sed,sol,,,69,0,0,1,0,0,1,0,0,0,0,0,0,0,0,0,0,From E. nigricans,,,0,2,moray,Muraenidae,"1,00","0,97","0,13","0,06",,"26,67","30,37",
Priacanthus arenatus,pri_are,"0,030033333333333","2,86","20,02","0,34","2,04","3,6","0,53",0,3,mob,medg,,,159,0,0,0,1,0,1,1,0,0,0,0,0,0,0,0,0,"Randall, J. E. (1967). Food habits of reef fishes of the West Indies.",,,0,3,nocturnal,Priacanthidae,"1,00","0,86","0,25","0,29",,"27,16","30,82",
Heteropriacanthus cruentatus,het_cru,"0,023043333333333","2,89","30,66","0,39","1,84","3,6","0,53",0,5,mob,smallg,,,100,1,0,0,1,0,1,1,1,0,0,0,0,0,0,0,0,"Randall, J. E. (1967). Food habits of reef fishes of the West Indies.",,,0,3,nocturnal,Holocentridae,"1,00","0,86","0,26","0,34",,"28,15","29,86",
Pomacanthus paru,pom_par,"0,050466666666667","2,92","23,48","0,76","1,83","3,1","0,26",0,7,mob,pair,,,158,0,0,0,0,0,0,1,0,1,1,1,0,1,1,1,0,"Randall, J. E. (1967). Food habits of reef fishes of the West Indies.",,,0,3,benthic_diurnal,,"1,00","0,84","0,27","0,64",,"28,19","39,43",
Acanthostracion polygonius,aca_pol,"0,053953333333333","2,91","25,83","0,38","0,38","3,4","0,37",0,7,mob,sol,,,2,0,0,0,1,1,0,1,1,1,1,1,0,0,0,0,0,"Randall, J. E. (1967). Food habits of reef fishes of the West Indies.",,,0,3,benthic_diurnal,,"1,00","0,82","0,18","0,31",,"29,74","32,66",
Canthidermis maculata,can_mac,"0,08235","2,69","30,68","0,45","1,81","3,5","0,45",0,3,vmob,medg,,,27,1,0,0,0,1,0,1,0,0,0,0,0,0,0,0,0,From Canthidermis sufflamen,,,0,4,benthic_diurnal,,"1,00","0,85","0,29","0,38",,"30,39","35,94",
Epinephelus adscensionis,epi_ads,"0,0116","3,15","43,26","0,34","1,2","3,8","0,62",0,3,mob,sol,,,75,0,0,1,1,0,1,0,0,0,0,0,0,0,0,0,0,"Randall, J. E. (1967). Food habits of reef fishes of the West Indies.",,,0,3,benthic_diurnal,Serranidae,"1,00","0,83","0,33","0,28",,"31,15","40,03",
Lactophrys trigonus,lac_trg,"0,309","2,23","33,64","0,5","1,27","3,3","0,3",0,6,mob,sol,,,118,0,0,1,1,1,0,1,1,0,0,0,0,1,0,0,0,"Randall, J. E. (1967). Food habits of reef fishes of the West Indies.",,,0,3,benthic_diurnal,,"1,00","0,83","0,28","0,42",,"31,51","35,92",
Aulostomus strigosus,aul_str,"0,00396","2,87","38,32","0,08","0,9","4,2","0,73",0,2,mob,smallg,,,17,0,0,0,1,0,1,0,0,0,0,0,0,0,0,0,0,From A. maculatus,,,0,3,benthic_diurnal,Aulostomidae,"1,00","0,95","0,32","0,08", ,"34,32","46,37",
Chilomycterus reticulatus,chi_ret,"0,0309","2,89",50,"0,36","1,89","3,5","0,41",0,3,mob,sol,,,42,0,0,0,1,1,0,0,1,0,0,0,0,0,0,0,0,"Randall, J. E. (1967). Food habits of reef fishes of the West Indies.",,,0,3,nocturnal,,"1,00","0,86","0,36","0,31","0,35","34,79","48,18",
Aluterus scriptus,alu_scr,"0,823","1,81","37,68","0,35","0,86",3,"0,19",0,10,vmob,sol,,,9,0,0,0,1,1,0,1,1,1,1,0,1,1,1,1,0,"Randall, J. E. (1967). Food habits of reef fishes of the West Indies.",,,0,3,benthic_diurnal,,"1,00","0,71","0,17","0,25",,"36,40","50,61",
Lactophrys triqueter,lac_tri,"0,1964","2,59","33,64","0,5","1,27","3,5","0,37",0,6,mob,sol,,,117,0,0,1,1,1,0,1,1,0,0,0,0,1,0,0,0,"Randall, J. E. (1967). Food habits of reef fishes of the West Indies.",,,0,3,benthic_diurnal,,"1,00","0,84","0,23","0,44",,"36,88","47,03",
Echeneis naucrates,ech_nau,"0,042923333333333","2,92",40,"0,09","1,54","3,4","0,45",0,1,vmob,sol,,,63,0,0,0,0,0,1,0,0,0,0,0,0,0,0,0,0,"Randall, J. E. (1967). Food habits of reef fishes of the West Indies.",,,0,5,nocturnal,Echeneidae,"1,00","0,88","0,16","0,08",,"40,00","55,00",
Aulostomus maculatus,aul_mac,"0,00396","2,87","37,86","0,07","1,24","4,4","0,79",0,2,mob,smallg,,,16,0,0,0,1,0,1,0,0,0,0,0,0,0,0,0,0,"Randall, J. E. (1967). Food habits of reef fishes of the West Indies.",,,0,3,benthic_diurnal,Aulostomidae,"1,00","0,94","0,28","0,07",,"41,88","53,90",
Enchelycore nigricans,enc_nig,"0,00173",3,44,"0,06","0,46","4,1","0,7",0,2,sed,sol,,,71,0,0,1,0,0,1,0,0,0,0,0,0,0,0,0,0,"Pinheiro, E., Layman, C. A., Castello, J. P., & Leite, T. S. (2017). Trophic role of demersal mesopredators on rocky reefs in an equatorial Atlantic Ocean island. Journal of Applied Ichthyology, 33(1), 47-53.",,,0,2,moray,Muraenidae,"1,00","0,99","0,14","0,06",,"42,97","54,15",
Diodon hystrix,dio_hys,"0,336666666666667","2,36","43,41","0,42","1,53","3,6","0,56",0,3,mob,sol,,,58,0,0,0,1,1,0,0,1,0,0,0,0,0,0,0,0,"Randall, J. E. (1967). Food habits of reef fishes of the West Indies.",,,0,3,nocturnal,,"1,00","0,84","0,26","0,35","0,34","43,77","55,87",
Muraena melanotis,mur_mel,"0,00112","3,06","38,44","0,1","0,14","3,5","0,5",0,3,sed,sol,,Fishbase,133,0,0,1,1,0,1,0,0,0,0,0,0,0,0,0,0,From Muraena pavonina,,,0,2,moray,Muraenidae,"1,00","0,99","0,11","0,10",,"44,10","54,58",
Echidna catenata,ech_cat,"0,00112","3,06","57,5","0,09","0,79","3,6","0,59",0,2,sed,sol,,,64,0,0,1,1,0,0,0,0,0,0,0,0,0,0,0,0,"Randall, J. E. (1967). Food habits of reef fishes of the West Indies.",,,0,2,moray,Muraenidae,"1,00","0,99","0,09","0,08",,"51,09","86,34",
Ophichthus ophis,oph_oph,"0,00151","2,9",35,"0,05","0,51","4,5","0,8",0,2,sed,sol,,Fishbase,146,0,0,0,1,0,1,0,0,0,0,0,0,0,0,0,0,"Randall, J. E. (1967). Food habits of reef fishes of the West Indies.",,,0,1,moray,Ophichthidae,"1,00","0,99","0,11","0,05",,"57,50","98,28",
Hypanus americanus,hyp_ame,"0,0739","2,81",90,"0,2","0,1","3,7","0,65",0,4,mob,sol,,,105,0,0,1,1,0,1,0,1,0,0,0,0,0,0,0,0,"Randall, J. E. (1967). Food habits of reef fishes of the West Indies.",,,1,4,benthic_diurnal,Dasyatidae,"1,00","1,00","0,24","0,05","0,43","92,78","92,78",
Epinephelus itajara,epi_ita,"0,0131","3,06",160,"0,32","1,19","4,1","0,1",0,2,mob,sol,,,231,0,0,1,0,0,1,0,0,0,0,0,0,0,0,0,0,"Randall, J. E. (1967). Food habits of reef fishes of the West Indies.",,,0,3,benthic_diurnal,Serranidae,"1,00","0,81","0,30","0,28",,"160,00","224,37",
Enneanectes smithi,enn_smi,"0,005","3,08","2,5","0,23","1,04","2,8","0,3",0,2,sed,sol,,,73,1,0,0,0,0,0,1,0,0,0,0,0,0,0,0,0,From E. altivelis,,,0,1,benthic_diurnal,,"1,00","0,83","0,30","0,20",,"2,50","5,00",Part_Guess
Hypleurochilus brasil,hyp_bra,"0,00741",3,"2,13","0,22","1,52","3,1","0,3",0,5,sed,sol,,fishbase,106,1,0,0,0,0,0,1,0,0,1,0,0,1,1,0,0,From Hypleurochilus fissicornis,,,0,1,benthic_diurnal,,"1,00","0,84","0,27","0,20",,"4,11","8,00",Part_Guess
Malacoctenus lianae,mal_lia,"0,0122","2,95","4,31","0,23","1,56","3,5","0,5",0,2,sed,sol,,Fishbase,124,1,0,0,0,0,0,1,0,0,0,0,0,0,0,0,0,From M. delalandii,,,0,1,benthic_diurnal,,"0,98","0,88","0,27","0,17",,"4,41","8,21",
Elacatinus figaro,ela_fig,"0,014164639","2,9","4,73","0,17","0,790758123","3,4","0,3",0,2,sed,sol,,,229,1,0,0,0,0,0,1,0,0,0,0,0,0,0,0,0,"Mazzei, R., Mendes, T. C., Cordeiro, C. A., Luque, J. L., Soares, M. C., & Ferreira, C. E. (2021). Diet and abundance of the barber goby Elacatinus figaro on Brazilian marginal reefs: ecological predictors and reliance on cleaning interactions. Marine Biology, 168(5), 1-11.",,,0,1,benthic_diurnal,,"1,00","0,85","0,24","0,14",,"4,67","8,00",Part_Guess
Malacoctenus sp,mal_sp,"0,00891",3,"4,46","0,24","1,3","3,4","0,5",0,2,sed,sol,,,126,1,0,0,0,0,0,1,0,0,0,0,0,0,0,0,0,From M. delalandii,,,0,1,benthic_diurnal,,"0,98","0,88","0,27","0,17",,"4,72","5,05",
Parablennius marmoreus,par_mar,"0,01","3,01","4,71","0,24","1,4","2,5","0,23",0,6,sed,sol,par_pil,,150,0,0,0,0,0,0,1,0,0,0,0,1,1,1,1,1,"Randall, J. E. (1967). Food habits of reef fishes of the West Indies.",,,0,1,benthic_diurnal,,"1,00","0,87","0,26","0,21",,"4,94","5,96",
Malacoctenus brunoi,mal_bru,"0,00955","3,04","4,64","0,23","1,34","3,4","0,4",0,2,sed,sol,,Fishbase,122,1,0,0,0,0,0,1,0,0,0,0,0,0,0,0,0,From M. delalandii,,,0,1,benthic_diurnal,,"1,00","0,84","0,22","0,19",,"4,95","6,04",
Choranthias salmopunctatus,ant_sal,"0,001417552","2,97",5,"0,25","0,559856085","3,3","0,4",1,1,sed,smallg,,,214,1,0,0,0,0,0,0,0,0,0,0,0,0,0,0,0,"From Anthias anthias; Christiansen, B., Martin, B., & Hirch, S. (2009). The benthopelagic fish fauna on the summit of Seine Seamount, NE Atlantic: Composition, population structure and diets. Deep Sea Research Part II: Topical Studies in Oceanography, 56(25), 2705-2712.",,,0,3,nocturnal,,"0,85","0,75","0,24","0,21",,"5,00","10,00",Part_Guess
Hypleurochilus pseudoaequipinnis,hyp_pse,"0,014905494","3,02",5,"0,28","1,061245029","3,2","0,3",0,5,sed,pair,,,243,1,0,0,0,0,0,1,0,0,1,0,0,1,1,0,0,From Hypleurochilus fissicornis,,,0,1,benthic_diurnal,,"1,00","0,85","0,24","0,23",,"5,00","8,00",Part_Guess
Microdesmus carri,mic_car,"0,000459584","3,05",5,"0,09","1,02","3,4","0,5",1,1,sed,sol,,,246,1,0,0,0,0,0,0,0,0,0,0,0,0,0,0,0,From Opisthognathus aurifrons,,,0,1,benthic_diurnal,,"1,00","0,90","0,14","0,07",,"5,00","8,00",Part_Guess
Scorpaenodes caribbaeus,sco_car,"0,009645206","3,34",5,"0,39","1,263875653","3,6","0,4",0,2,sed,sol,,,260,1,0,0,0,0,0,1,0,0,0,0,0,0,0,0,0,"Randall, J. E. (1967). Food habits of reef fishes of the West Indies",,,0,1,benthic_diurnal,,"1,00","0,78","0,33","0,26",,"5,00","8,00",Part_Guess
Gramma brasiliensis,gra_bra,"0,0096","3,17","5,41","0,3","1,68","3,4","0,45",0,2,sed,pair,,,235,1,0,0,0,0,0,1,0,0,0,0,0,0,0,0,0,"From Gramma loreto; Gutiérrez, L. P., & Báez-Hidalgo, M. (2002). Reprodución y alimentacíon del loreto Gramma loreto Poey, 1868 (Pisces, Grammidae), en la costa norte de la Habana, Cuba. Revista de Investigaciones Marinas, 23(3), 195-201.",,,0,1,benthic_diurnal,,"1,00","0,78","0,32","0,24",,"5,40","6,05",
Juvenile Sparisoma,spa_spp,"0,0179","3,03","6,57","0,36","1,12",2,"0,1",0,4,mob,smallg,spa_rad,,184,0,0,0,0,0,0,1,0,0,0,0,0,1,1,1,0,"Randall, J. E. (1967). Food habits of reef fishes of the West Indies.",,,0,2,benthic_diurnal,,"1,00","0,82","0,28","0,28",,"6,15","9,47",
Opistognathus aurifrons,opi_aur,"0,00389","3,12","7,5","0,24","1,03","3,7","0,36",1,1,sed,sol,,,148,1,0,0,0,0,0,0,0,0,0,0,0,0,0,0,0,"Randall, J. E. (1967). Food habits of reef fishes of the West Indies.",,,0,1,benthic_diurnal,,"1,00","0,76","0,26","0,21",,"6,25","7,94",
Sphoeroides greeleyi,sph_gre,"0,01755","3,09","8,68","0,33","1,97","3,5","0,37",0,8,mob,sol,,,185,0,0,0,1,1,0,1,1,1,0,0,0,1,1,1,0,"da Silva Lima, C. S., Clark, F. J. K., Sales, N. S., & Pessanha, A. (2018). Strategies of resource partitioning between two sympatric puffer fishes in a tropical hypersaline estuary, Brazil. Environmental Biology of Fishes, 101(7), 1105-1119.",,,0,3,benthic_diurnal,,"1,00","0,80","0,29","0,21",,"7,12","16,06",
Ophioblennius trinitatis,oph_tri,"0,00741",3,"5,39","0,27","0,99","2,7","0,1",0,5,sed,sol,,Fishbase,147,0,0,0,0,0,0,1,0,0,0,0,0,1,1,1,1,"Fraga, A. D. A. (2018). Ecologia alimentar das espécies do gênero Ophioblennius (Blenniidae) no Brasil (Master's thesis, Florianópolis, SC.).",,,0,1,benthic_diurnal,,"1,00","0,85","0,21","0,21",,"8,42","10,25",
Thalassoma noronhanum,tha_nor,"0,0166","3,07","5,57","0,28","1,05","3,3","0,1",1,2,mob,medg,,,202,1,0,0,0,0,0,1,0,0,0,0,0,0,0,0,0,"Longo, G. O., Morais, R. A., Martins, C. D. L., Mendes, T. C., Aued, A. W., Cândido, D. V., ... & Teschima, M. M. (2015). Between-habitat variation of benthic cover, reef fish assemblage and feeding pressure on the benthos at the only atoll in South Atlantic: Rocas Atoll, NE Brazil. PloS one, 10(6), e0127176.",,,0,3,benthic_diurnal,,"0,99","0,86","0,23","0,18",,"9,03","11,46",
Ptereleotris randalli,pte_ran,"0,00389","3,12","9,75","0,16","1,05","3,3","0,4",1,2,sed,pair,,,164,1,0,0,0,0,0,1,0,0,0,0,0,0,0,0,0,"From P. evides; Williams, L. B., & Williams Jr, E. H. (1986). Icthyological notes about fishes collected for parasite examination around Sesoko Island, Okinawa. Galaxea, 5, 217-221.",,,0,1,benthic_diurnal,,"1,00","0,72","0,16","0,12",,"9,95","13,70",
Antennarius multiocellatus,ant_mul,"0,020119231","3,39",10,"0,7","0,81995","4,3","0,7",0,2,sed,sol,,,213,0,0,0,1,0,1,0,0,0,0,0,0,0,0,0,0,"Randall, J. E. (1967). Food habits of reef fishes of the West Indies.",,,0,1,benthic_diurnal,Antennariidae,"1,00","0,77","0,43","0,46",,"10,00","19,06",
Halichoeres penrosei,hal_pen,"0,0181","2,92","7,85","0,26","1,6","3,4","0,5",0,2,mob,sol,,fishbase,94,0,0,0,0,0,0,1,1,0,0,0,0,0,0,0,0,"Nunes, J. D., Sampaio, C., & Barros, F. (2013). How wave exposure, group size and habitat complexity influence foraging and population densities in fishes of the genus Halichoeres (Perciformes: Labridae) on tropical rocky shores. Marine Biology, 160(9).",,,0,3,benthic_diurnal,,"1,00","0,88","0,24","0,20",,"11,51","15,22",
Scorpaena isthmensis,sco_ist,"0,0243641","2,95","11,52","0,36","1,011791144","3,6","0,2",0,3,sed,sol,,,261,0,0,0,1,0,1,1,0,0,0,0,0,0,0,0,0,"From Scorpaena brasiliensis; Randall, J. E. (1967). Food habits of reef fishes of the West Indies.",,,0,1,benthic_diurnal,Scorpaenidae,"1,00","0,76","0,31","0,26",,"11,52","11,73",
Halichoeres rubrovirens + poeyi,hal_spp,"0,0115","3,08","15,1","0,42","1,73","3,6","0,35",0,3,mob,sol,,Mean between H. poeyi and H. rubrovirens,97,0,0,0,1,0,0,1,1,0,0,0,0,0,0,0,0,From Halichoeres poeyi,,,0,3,benthic_diurnal,,"1,00","0,84","0,23","0,22",,"13,28","23,10",
Cosmocampus albirostris,cos_alb,"0,001001365",3,"13,33","0,05","0,864768683","3,4","0,4",1,1,sed,pair,,,226,1,0,0,0,0,0,0,0,0,0,0,0,0,0,0,0,"From Stigmatopora; Steffe, A. S., Westoby, M., & Bell, J. D. (1989). Habitat selection and diet in two species of pipefish from seagrass: sex differences. Marine Ecology Progress Series, 23-30.",,,0,1,benthic_diurnal,,"1,00","0,95","0,14","0,04",,"13,33","20,00",Part_Guess
Halichoeres sazimai,hal_saz,"0,017459254","2,96","14,87","0,25","0,94671769","3,6","0,5",0,2,mob,sol,,,239,0,0,0,0,0,0,1,1,0,0,0,0,0,0,0,0,"From Halichoeres bivittatus; Clifton, K. B., & Motta, P. J. (1998). Feeding morphology, diet, and ecomorphological relationships among five Caribbean labrids (Teleostei, Labridae). Copeia, 953-966.",,,0,3,benthic_diurnal,,"1,00","0,88","0,20","0,20",,"14,77","18,64",
Halichoeres rubrovirens,hal_rub,"0,0117","3,08","16,26","0,57","1,98","3,6","0,5",0,3,mob,sol,,"Rocha, L. A., Pinheiro, H. T., & Gasparini, J. L. (2010). Description of Halichoeres rubrovirens, a new species of wrasse (Labridae: Perciformes) from the Trindade and Martin Vaz Island group, southeastern Brazil, with a preliminary mtDNA molecular phylogeny of New World Halichoeres. Zootaxa, 2422(1), 22-30.",98,0,0,0,1,0,0,1,1,0,0,0,0,0,0,0,0,From Halichoeres poeyi,,,0,3,benthic_diurnal,,"1,00","0,84","0,23","0,20",,"17,30","24,53",
Scarus zelindae,sca_zel,"0,013346043","3,16","21,25","0,36","1,245486835",2,"0,1",0,3,mob,smallg,scarus_isertii,,259,0,0,0,0,0,0,0,0,0,0,0,0,1,1,1,0,"From Scarus vetula, S. iseri (croicensis) and Scarus taeniopterus; Randall, J. E. (1967). Food habits of reef fishes of the West Indies.",,,0,3,benthic_diurnal,,"1,00","0,80","0,26","0,28",,"21,14","32,20",
Ogcocephalus vespertilio,ogc_ves,"0,0302","2,61","10,2","0,2","1,06","3,4","0,55",0,2,sed,sol,,,145,0,0,0,1,0,0,0,1,0,0,0,0,0,0,0,0,"From O. nasutus; Randall, J. E. (1967). Food habits of reef fishes of the West Indies.",,,0,1,nocturnal,,"1,00","0,84","0,50","0,12","0,39","21,43","30,00",Part_Guess
Sparisoma frondosum,spa_fro,"0,0171","3,2","21,36","0,36","1,35",2,"0,1",0,5,mob,smallg,spa_chr,,179,0,0,0,0,0,0,0,0,0,0,0,1,1,1,1,1,"From S. aurofrenatum; Randall, J. E. (1967). Food habits of reef fishes of the West Indies.",,,0,3,benthic_diurnal,,"0,93","0,82","0,26","0,31",,"21,58","30,47",
Sparisoma rocha,spa_roc,"0,0181","3,14","17,89","0,37","1,75",2,"0,1",0,5,mob,sol,,,181,0,0,0,0,0,0,0,0,0,0,0,1,1,1,1,1,"From S. aurofrenatum; Randall, J. E. (1967). Food habits of reef fishes of the West Indies.",,,0,3,benthic_diurnal,,"0,953846154","0,856410256","0,248717949","0,332051282",,"23,58","32,53",
Sparisoma amplum,spa_amp,"0,0204","3,1","32,66","0,41","1,06",2,"0,1",0,5,mob,smallg,spa_vir,,177,0,0,0,0,0,0,0,0,0,0,0,1,1,1,1,1,"From S. viride; Randall, J. E. (1967). Food habits of reef fishes of the West Indies.",,,0,3,benthic_diurnal,,"0,81","0,69","0,25","0,27",,"24,49","33,24",
Sparisoma axillare,spa_axi,"0,01875","3,08","27,11","0,38","1,2",2,"0,1",0,5,mob,smallg,spa_rub,,178,0,0,0,0,0,0,0,0,0,0,0,1,1,1,1,1,"From S. rubripinne; Randall, J. E. (1967). Food habits of reef fishes of the West Indies.",,,0,3,benthic_diurnal,,"0,85","0,74","0,23","0,26",,"24,59","34,56",
Lutjanus alexandrei,lut_ale,"0,007067115",3,"26,99","0,39","1,485766901","3,8","0,6",0,3,mob,smallg,,,244,0,0,1,1,0,1,0,0,0,0,0,0,0,0,0,0,From Lutjanus synagris,,,0,3,nocturnal,Lutjanidae,"0,96","0,77","0,28","0,31",,"26,96","29,61",
Narcine brasiliensis,nar_bra,"0,011","2,9",35,"0,08","0,909926602","3,2","0,4",0,2,sed,sol,,,248,0,0,0,1,0,0,1,0,0,0,0,0,0,0,0,0,"Ferreira, L. C., & Vooren, C. M. (2012). Diet of the lesser electric ray Narcine brasiliensis (Olfers, 1831)(Elasmobranchii, Narcinidae) in southern Brazil. Pan-American Journal of Aquatic Sciences, 7(1), 37-44.",,,1,1,benthic_diurnal,,"1,00","0,87","0,19","0,07","0,57","30,00","35,00",Part_Guess
Scarus trispinosus,sca_tri,"0,0384","2,95","19,5","0,44","1,71",2,"0,01",0,6,mob,smallg,,Fishbase,170,0,0,0,0,0,0,1,0,0,0,0,1,1,1,1,1,"Ferreira, C. E. L., & Gonçalves, J. E. A. (2006). Community structure and diet of roving herbivorous reef fishes in the Abrolhos Archipelago, south‐western Atlantic. Journal of Fish Biology, 69(5), 1533-1551.",,,0,3,benthic_diurnal,,"0,92","0,81","0,22","0,30",,"30,27","38,89",
Kyphosus spp,kyp_spp,"0,0174","3,08","31,88","0,36","1,63","2,3","0,17",0,4,vmob,medg,,,113,0,0,0,0,0,0,1,0,0,0,0,0,1,1,1,0,From K. incisor,,,0,4,benthic_diurnal,,"0,95","0,84","0,24","0,36",,"31,53","40,57",
Fistularia petimba,fis_pet,"0,00029","3,17","61,67","0,02","0,67","4,4","0,73",0,1,vmob,smallg,,,78,0,0,0,0,0,1,0,0,0,0,0,0,0,0,0,0,From F. tabacaria,,,0,3,benthic_diurnal,Fistulariidae,"0,97","0,94","0,33","0,04",,"32,48","51,88",
Fistularia tabacaria,fis_tab,"0,002745","2,92",40,"0,02","0,67","4,5","0,8",0,1,mob,sol,,,79,0,0,0,0,0,1,0,0,0,0,0,0,0,0,0,0,"Randall, J. E. (1967). Food habits of reef fishes of the West Indies.",,,0,3,benthic_diurnal,Fistulariidae,"0,97","0,95","0,34","0,03",,"32,48","52,74",
Muraena pavonina,mur_pav,"0,00112","3,06","40,44","0,09","0,91","3,8","0,6",0,3,sed,sol,,Fishbase,134,0,0,1,1,0,1,0,0,0,0,0,0,0,0,0,0,"Pinheiro, E., Layman, C. A., Castello, J. P., & Leite, T. S. (2017). Trophic role of demersal mesopredators on rocky reefs in an equatorial Atlantic Ocean island. Journal of Applied Ichthyology, 33(1), 47-53.",,,0,2,moray,Muraenidae,"1,00","0,97","0,11","0,08",,"38,81","49,90",
Gymnothorax vicinus,gym_vic,"0,002066666666667","3,05","40,23","0,06","0,26","4,2","0,65",0,2,sed,sol,,,86,0,0,1,0,0,1,0,0,0,0,0,0,0,0,0,0,"Randall, J. E. (1967). Food habits of reef fishes of the West Indies.",,,0,2,moray,Muraenidae,"1,00","0,97","0,14","0,08",,"41,02","53,98",
Gymnothorax miliaris,gym_mil,"0,0109","2,57","38,61","0,08","0,73","3,9","0,63",0,1,sed,sol,,,84,0,0,1,0,0,0,0,0,0,0,0,0,0,0,0,0,From G. vicinus,,,0,2,moray,,"1,00","0,97","0,13","0,08",,"42,39","54,63",
Myrichthys ocellatus,myr_oce,"0,00151","2,9","21,85","0,04","0,16","3,7","0,55",0,2,mob,sol,,,140,0,0,0,1,0,0,1,0,0,0,0,0,0,0,0,0,"Randall, J. E. (1967). Food habits of reef fishes of the West Indies.",,,0,1,moray,,"1,00","1,00","0,09","0,03",,"51,20","60,15",
Aetobatus narinari,aet_nar,"0,01","3,13",70,"0,2","0,37","4,2","0,1",0,5,vmob,smallg,,,208,0,0,1,1,1,0,1,1,0,0,0,0,0,0,0,0,"Schluessel, V., Bennett, M. B., & Collin, S. P. (2010). Diet and reproduction in the white-spotted eagle ray Aetobatus narinari from Queensland, Australia and the Penghu Islands, Taiwan. Marine and freshwater research, 61(11), 1278-1289.",,,1,3,benthic_diurnal,,"1,00","0,33","0,10","0,07","0,49","70,00","140,00",Part_Guess
Gymnothorax moringa,gym_mor,"0,000773333333333","3,22","93,84","0,06","0,4","4,2","0,7",0,1,sed,sol,,,85,0,0,0,0,0,1,0,0,0,0,0,0,0,0,0,0,"Randall, J. E. (1967). Food habits of reef fishes of the West Indies.",,,0,2,moray,Muraenidae,"1,00","0,98","0,13","0,07",,"71,76","83,25",
Myrichthys breviceps,myr_bre,"0,00151","2,9","69,38","0,04","0,16","3,7","0,59",0,2,mob,sol,,,139,0,0,0,1,0,0,1,0,0,0,0,0,0,0,0,0,from M. ocellatus,,,0,1,moray,,"1,00","1,00","0,09","0,03",,"83,33","94,70",
Ginglymostoma cirratum,gin_cir,"0,006475","2,88",130,"0,15","2,28","4,3","0,74",0,2,vmob,sol,,,80,0,0,1,0,0,1,0,0,0,0,0,0,0,0,0,0,"Randall, J. E. (1967). Food habits of reef fishes of the West Indies.",,,1,4,nocturnal,Ginglymostomatidae,"1,00","0,74","0,22","0,16",,"123,06","154,84",
Gymnothorax funebris,gym_fun,"0,0024","3,05",130,"0,11","0,53",4,"0,71",0,2,sed,sol,,,83,0,0,1,1,0,0,0,0,0,0,0,0,0,0,0,0,"Randall, J. E. (1967). Food habits of reef fishes of the West Indies.",,,0,2,moray,,"1,00","0,98","0,14","0,08",,"123,90","176,97",
Malacoctenus triangulatus,mal_tri,"0,0122","2,95","4,31","0,23","1,56","3,5","0,5",0,2,sed,sol,,Fishbase,125,1,0,0,0,0,0,1,0,0,0,0,0,0,0,0,0,From M. delalandii,,,0,1,benthic_diurnal,,"1,00","0,85","0,24","0,18",,"5,00","7,50",
Menaphorus punticulatus,men_pun,"0,028477777777778","2,95","20,15","0,36","1,63","4,3","0,75",0,4,mob,sol,,,128,1,0,1,1,0,1,0,0,0,0,0,0,0,0,0,0,From Cephalopholis hibrid,,,0,3,benthic_diurnal,Serranidae,"0,90","0,78","0,28","0,26",,"19,11","25,97",
S. frondosum + S. rocha,spa_ssp,"0,0176","3,17","19,63","0,37","1,55",2,"0,1",0,5,mob,sol,spa_fro,Fishbase,183,0,0,0,0,0,0,0,0,0,0,0,1,1,1,1,1,"From S. aurofrenatum; Randall, J. E. (1967). Food habits of reef fishes of the West Indies.",,,0,3,benthic_diurnal,,"0,9443346225","0,839750752","0,2565749895","0,318725827",,"22,5827287807411","31,4965357461594",
